Label,Target1,RA,Dec,RA_SEX,DEC_SEX,,,TOTAL Exp Time [ksec]6,Estimated XRT Count Rate7,Magnitude Of Brightest Object In FOV8,Comment11,PSZ2 ID#,Target ID,Number of Segments Observed,AFST time (s),Exposure time (s),Extended X-rays?,Opt/IR data?,Reobserve in Cycle 13,N_H (10^{22} atoms cm^-2),Swift XRT flux (0.1-2.4 keV),Frac flux error,RA (Swift XRT),Dec (Swift XRT),Optical/IR counterpart (BCG),Optical/IR mag,Optical/IR band,Redshift,Radio flux (mJy),Radio freq/survey,SALT,SALT Redshift
1,PSZ1_G045.54+16.26,273.5380046,18.31664961,18:14:09,+18:18:59.93,,,,,,archive S/N = 4.6736,174,49596,,,5552,Yes,,,,3.13E-12,0.16,18 14 13.2,+18 17 13,2MASX J18141327+1817035,14.087,J,0.24,,,,
1,PSZ1_G084.41-12.43,324.4640151,35.58198551,21:37:51,+35:34:55.14,,,,,,archive S/N = 7.0646,366,39901,,,1043,Yes (4-XMM),,,,1.79E-12,0.14,21 37 50.9,+35 35 03,,,,0.273,,,,
1,PSZ1_G102.97-04.77,338.6974456,52.72052801,22:34:47,+52:43:13.90,,,,,,archive S/N = 5.6402,494,84109,,,2094,Yes (4-XMM),Opt,,,3.69E-13,0.25,22 34 47.7,+52 42 42,,,,-1,,,,
1,PSZ1_G114.81-11.80,0.3758279609,50.27524308,0:01:30,+50:16:30.87,,,,,,archive S/N = 4.8487,557,46934,,,2036,Yes,,,,1.98E-12,0.083,00 01 20.8,+50 16 30,2MASS J00011783+5016562,,,0.25,,,,
1,PSZ1_G191.05+12.85,104.911754,25.13962097,6:59:39,+25:08:22.63,,,,,,archive S/N = 4.5097,-999,47793,,,2617,Yes,,,,1.43E-12,0.11,06 59 51.0,+25 05 23,2MASX J06595093+2505217,,,-1,,,,
1,PSZ1_G231.05-17.32,94.72276794,-23.58271023,6:18:53,-23:34:58,,,,,,archive S/N = 4.7361,1048,39070/47568,,,2670,Yes,,,,5.50E-13,0.15,06 18 50.3,-23 34 44,,,,0.403,,,,
1,PSZ1_G244.65+08.61,126.6258198,-23.23207392,8:26:30,-23:13:55,,,,,,archive S/N = 4.5605,1108,,,,1484,Yes,,,,,,,,,,,0.251,,,,
1,PSZ1_G246.45+13.16,131.7484087,-22.00920688,8:47:00,-22:00:33,,,,,,archive S/N = 4.7494,1116,,,,975,Yes,,,,,,,,,,,0.436,,,,
1,PSZ1_G261.65-10.98,117.3088536,-48.03108805,7:49:14,-48:01:52,,,,,,archive S/N = 4.9044,1204,38608/46870,,,3483,Yes,,,,,,,,2MASX J07491720-4803055,16.7,R,-1,,,,
1,PSZ1_G271.28-36.12,76.37427245,-61.7409416,5:05:30,-61:44:27,,,,,,archive S/N = 5.132,1261,,,,1529,Yes,,,,,,,,,,,0.25,,,,
1,PSZ1_G292.83-16.60,149.1704081,-75.91840455,9:56:41,-75:55:06,,,,,,archive S/N = 4.9543,1375,30935,,,931,Yes,,,,,,,,,,,-1,,,2016-2,
1,PSZ1_G306.23+11.89,197.9767224,-50.8473497,13:11:54,-50:50:50,,,,,,archive S/N = 4.7827,1447,,,,873,Yes,,,,,,,,2MASX J13114089-5051221,15.7,R,-1,,,2016-2,0.238
2,PSZ1_G031.44-19.16,299.4294337,-9.869757797,19:57:43,-9:52:11,,,,,,archive S/N = 4.602,,,,,809,No,,,,,,,,,,,,,,,
2,PSZ1_G099.63+14.85 ,307.6610854,65.09763346,20:30:39,+65:05:51.48,,,,,,archive S/N = 4.716,,,,,108,No,,,,,,,,,,,,,,,
2,PSZ1_G109.09-52.45,4.362359475,9.499303353,0:17:27,+09:29:57.49,,,,,,archive S/N = 4.554,,35125,,,10960,No,,,,,,,,,,,,,,,
2,PSZ1_G144.99+54.39 ,168.2619667,58.31077617,11:13:03,+58:18:38.79,,,,,,archive S/N = 4.626,,,,,3286,No,,,,,,,,,,,,,,,
2,PSZ1_G173.07-36.12,52.03831045,11.05986179,3:28:09,+11:03:35.50,,,,,,archive S/N = 4.946,,,,,1025,No,,,,,,,,,,,,,,,
2,PSZ1_G185.53-33.97,60.50092625,4.862823654,4:02:00,+04:51:46.16,,,,,,archive S/N = 4.983,,,,,1843,No,,,,,,,,,,,,,,,
2,PSZ1_G189.82-37.25,59.92098774,0.1084510482,3:59:41,+00:06:30.42,,,,,,archive S/N = 6.993,875,,,,1770,No,Opt+IR,,,2.10E-13,0.18,04 00 00 ,+00 11 27,,,,,,,,
2,PSZ1_G345.81+42.38,223.556318,-10.03650927,14:54:14,-10:02:11,,,,,,archive S/N = 4.804,,,,,3532,No,,,,,,,,,,,,,,,
3,PSZ1_G021.88+17.75,262.0858333,-1.344333333,17:28:21,-1:20:40,,,3,0.019,B=10.1, Jack Hughes - S/N=5.637,72,85589,2,665,629,Indeterminate,,y,,,,, ,,,,-1,,,,
3,PSZ1_G023.53-36.53,313.5283333,-22.84111111,20:54:07,-22:50:28,,,3,0.038,B=10.01, Jack Hughes - S/N=4.625,-999.1,85590,6,3120,2999,Yes,,n,0.0554,8.30E-13,0.12,20 54 04,-22 48 28,2MASX J20540396-2248270,16.8,R,-1,7.1 +/- 1.1,1.4GHz/NVSS,2015-2,0.255
3,PSZ1_G027.95+15.63,266.7041667,2.776694444,17:46:49,+02:46:36.10,,,3,0.026,B=3.793, Jack Hughes - S/N=4.768,94,85591,3,1390,1324,No,,y,,,,, ,,,,-1,,,,
3,PSZ1_G028.15-08.63,288.4254167,-8.147694444,19:13:42,-8:08:52,,,3,0.012,B=5.444, Jack Hughes - S/N=5.072,98,,,0,,,,y,,,,, ,,,,-1,,,,
3,PSZ1_G030.70+09.47,273.4170833,2.349916667,18:13:40,+02:20:59.70,,,3,0.035,B=7.975, Jack Hughes - S/N=4.66,108,85593,2,1525,1481,Yes,,n,0.187,7.09E-12,0.07,18 13 59,+02 22 52,CGMW 3-1938,,,-1,217 +/- 8,1.4GHz/NVSS,2016-1,0.06
3,PSZ1_G047.53+08.55,281.74375,16.84316667,18:46:59,+16:50:35.40,,,3,0.023,B=6.921, Jack Hughes - S/N=5.816,185,85594,4,2840,2530,No,,n,,,,, ,,,,-1,,,,
3,PSZ1_G048.22-51.60,335.0520833,-12.21652778,22:20:13,-12:13:00,,,3,0.02,B=8.83, Jack Hughes - S/N=4.505,192,85595,2,2645,2570,Yes,,n,0.039,5.71E-13,0.15,22 20 16.8,-12 11 39.8,,,,0.544,,,,
3,PSZ1_G048.22-65.03,347.4625,-18.31830556,23:09:51,-18:19:06,,,3,0.037,B=9.672, Jack Hughes - S/N=4.616,191,85596,4,2715,2622,Yes,,n,0.0203,1.19E-12,0.18,23 09 51,-18 19 55,MRSS 604-057875,18.2,R,0.42,15.1 +/- 0.7,1.4GHz/NVSS,,
3,PSZ1_G057.42-10.77,304.3558333,16.09252778,20:17:25,+16:05:33.10,,,3,0.075,B=7.341, Jack Hughes - S/N=4.757,-999.1,85597,3,1505,1444,Yes,,n,0.113,2.56E-12,0.09779091327,20 17 28.1,+16 03 36,2MASX J20172578+1603270 ,,,-1,,,,
3,PSZ1_G063.80+11.42,286.4733333,32.54588889,19:05:54,+32:32:45.20,,,3,0.042,B=5.567, Jack Hughes - S/N=5.9,263,85598,4,5255,5157,Yes,,n,0.0998,9.72E-13,0.083,19 05 58,32 32 53,,,,0.426,,,,
3,PSZ1_G078.39+46.13,242.2708333,50.20997222,16:09:05,+50:12:35.90,,,3,0.011,B=7.888, Jack Hughes - S/N=4.904,-999.1,,,0,,,,y,,,,, ,,,,-1,,,,
3,PSZ1_G084.62-15.86,327.4320833,33.17327778,21:49:44,+33:10:23.80,,,3,0.026,B=8.043, Jack Hughes - S/N=6.012,369,85600,2,2758,2703,Yes (4-XMM),Opt,,0.108,6.04E-13,0.18,21 49 42,+33 10 55,,,,0.3673,,,,
3,PSZ1_G103.50+31.36,264.19,72.55369444,17:36:46,+72:33:13.30,,,3,0.013,B=6.886, Jack Hughes - S/N=4.635,-999.1,85601,12,3305,3049,Yes,,,,,,17 36 49,+72 34 17,,,,-1,,,,
3,PSZ1_G103.94+25.81,282.9691667,72.96725,18:51:53,+72:58:02.10,,,3,0.044,B=10.108, Jack Hughes - S/N=4.784,-999.1,85602,11,3220,3052,Yes,,,0.0631,1.23E-12,0.13,18 52 09,+72 59 34,2MASX J18520952+7259341 ,16.73,,0.077143 (NED),,,,
3,PSZ1_G117.29+13.44,350.68875,75.33533333,23:22:45,+75:20:07.19,,,3,0.011,B=9.84, Jack Hughes - S/N=4.537,-999.1,85603,6,2450,2325,Yes,,,0.199,6.08E-13,0.19,23 22 24,+75 20 16,,,,-1,,,,
3,PSZ1_G123.39+30.62,186.4329167,86.47575,12:25:44,+86:28:32.70,,,3,0.023,B=6.767, Jack Hughes - S/N=4.533,604,85604,3,570,490,Possible,,y,,,,, ,,,,-1,,,,
3,PSZ1_G135.68+45.61,167.4545833,68.91233333,11:09:49,+68:54:44.40,,,3,0.011,B=8.821, Jack Hughes - S/N=4.577,-999.1,,,0,,,,y,,,,, ,,,,-1,,,,
3,PSZ1_G148.20+23.49,99.43958333,66.90677778,6:37:46,+66:54:24.40,,,3,0.013,B=9.039, Jack Hughes - S/N=8.405,-999.2,85606,4,2850,2772,No,Opt+IR,,,,,, ,,,,-1,,,,
3,PSZ1_G158.34-47.49,36.20291667,8.849416667,2:24:49,+08:50:57.90,,,3,0.027,B=9.501, Jack Hughes - S/N=4.632,762,85607,3,2335,2268,Yes,,n,0.0621,6.46E-13,0.17,02 24 58.2,+08 50 00,2MASX J02245618+0849491 ,,,0.305,,,,
3,PSZ1_G167.43-38.04,47.31791667,12.64408333,3:09:16,+12:38:38.70,,,3,0.011,B=8.15, Jack Hughes - S/N=6.107,800,85608,3,4155,4081,No,,,,,,, ,,,,-1,,,,
3,PSZ1_G194.70-58.93,43.24458333,-14.29858333,2:52:59,-14:17:55,,,3,0.017,B=10.249, Jack Hughes - S/N=4.622,-999.1,85609,1,2700,2670,No,,,,,,, ,,,,-1,,,,
3,PSZ1_G206.45+13.89,112.4966667,11.93961111,7:29:59,+11:56:22.60,,,3,0.058,B=5.826, Jack Hughes - S/N=5.896,933,85610,4,4720,4663,Yes (4-XMM),Opt+IR,,0.0584,1.67E-12,0.058,, ,,,,0.381,,,,
3,PSZ1_G212.63+07.45,109.36625,3.650222222,7:17:28,+03:39:00.80,,,3,0.012,B=9.37, Jack Hughes - S/N=4.721,-999.2,85611,3,3045,3002,No,,,,,,, ,,,,-1,,,,
3,PSZ1_G218.54+13.26,117.2008333,1.137472222,7:48:48,+01:08:14.90,,,3,0.032,B=9.55, Jack Hughes - S/N=5.245,981,85612,2,2550,2507,Yes (4-XMM),Opt,,0.0578,3.07E-13,0.21,07 48 51,+01 06 41,2MASX J07485166+0106402,,,0.327,,,2014-2,MOS
3,PSZ1_G218.69-72.78,32.24666667,-27.51719444,2:08:59,-27:31:02,,,3,0.033,B=7.5, Jack Hughes - S/N=4.562,-999.1,85613,4,3245,2645,Yes,,,,,,, ,,,,-1,,,2015-1,0.315
3,PSZ1_G221.37-29.89,78.65208333,-19.91230556,5:14:37,-19:54:44,,,3,0.026,B=9.52, Jack Hughes - S/N=4.516,-999.1,85614,2,2908,2783,Yes,,,0.0313,8.65E-13,0.11,05 14 45, -19 51 53,2MASX J05144512-1951474,12.6,Ks,-1,7.6 +/- 0.5,1.4GHz/NVSS,2015-1,0.14
3,PSZ1_G221.64-58.20,48.73791667,-27.29525,3:14:57,-27:17:43,,,3,0.022,B=9.911, Jack Hughes - S/N=5.023,-999.1,85615,3,5955,5846,Yes,Opt,,0.0152,2.77E-13,0.13,03 15 01,-27 18 14,,,,-1,,,2015-1,0.655
3,PSZ1_G224.45+05.25,112.8741667,-7.775138889,7:31:30,-7:46:31,,,3,0.013,B=9.541, Jack Hughes - S/N=4.553,-999.1,85616,2,2420,1910,Yes,Opt,,,,,, ,,,,-1,,,,
3,PSZ1_G224.82+13.62,120.4233333,-4.065138889,8:01:42,-4:03:55,,,3,0.03,B=10.036, Jack Hughes - S/N=5.511,1009,85617,2,4525,4458,Yes (4-XMM),,,0.0393,9.36E-13,0.075,, ,,,,0.294,,,2014-2,MOS
3,PSZ1_G234.12+10.45,122.305,-13.51288889,8:09:13,-13:30:46,,,3,0.026,B=7.811, Jack Hughes - S/N=4.611,1065,85618,3,2800,2715,Yes,,,0.0921,9.48E-13,0.12,08 09 05,-13 30 31,,,,-1,,,2015-2,0.296
3,PSZ1_G241.68-30.47,83.71083333,-36.88480556,5:34:51,-36:53:05,,,3,0.043,B=10.95, Jack Hughes - S/N=4.584,-999.1,85619,4,1585,2417,Yes,,,,,,05 34 50,-36 53 16,MRSS 363-162412,17.6,r,-1,,,2015-2,0.287
3,PSZ1_G245.67-07.42,111.68875,-32.42525,7:26:45,-32:25:31,,,3,0.012,B=8.515, Jack Hughes - S/N=4.601,1113,85620,3,6135,6046,Yes,,,,,,07 26 50,-32 25 15,Not obvious in DSS2,,,-1,,,,
3,PSZ1_G254.52+08.27,132.8766667,-31.26472222,8:51:30,-31:15:53,,,3,0.023,B=8.127, Jack Hughes - S/N=4.827,1167,85621,1,2570,2545,Yes,Opt,n,,6.06E-13,0.18,08 51 27,-31 15 53,,,,-1,,,2015-2,0.32
3,PSZ1_G260.83+06.73,136.34375,-37.03877778,9:05:23,-37:02:20,,,3,0.016,B=7.939, Jack Hughes - S/N=4.704,1199,85622,5,3215,3134,Yes,,n,,,,, ,,,,-1,,,2015-2,     XXX
3,PSZ1_G262.45+49.34,167.71625,-5.461527778,11:10:52,-5:27:42,,,3,0.01,B=8.391, Jack Hughes - S/N=4.604,-999.1,85623,3,1340,829,Indeterminate,,y,,,,, ,,,,-1,,,,
3,PSZ1_G265.37+08.05,141.50125,-39.39427778,9:26:00,-39:23:39,,,3,0.03,B=9.84, Jack Hughes - S/N=5.085,1228,85624,3,2600,2510,Yes (4-XMM),Opt,n,0.196,6.71E-13,0.16,09 26 02,-39 23 51,,,,-1,,,2015-2,      0.155?
3,PSZ1_G276.48-21.52,110.1804167,-65.30925,7:20:43,-65:18:33,,,3,0.03,B=9.21, Jack Hughes - S/N=4.522,1284,85625,3,2595,2520,Yes,,n,,7.33E-13,0.14,07 20 53,-65 18 16,,,,-1,,,2015-2,0.356
3,PSZ1_G278.78+08.54,156.2129167,-47.34083333,10:24:51,-47:20:27,,,3,0.02,B=9.41, Jack Hughes - S/N=5.978,1294,85626,7,4785,4530,Yes (4-XMM),Opt,n,0.118,1.01E-12,0.15,10 24 58,-47 19 51,,,,-1,,,2014-2,0.553
3,PSZ1_G278.94-17.62,121.0916667,-65.93005556,8:04:22,-65:55:48,,,3,0.017,B=8.052, Jack Hughes - S/N=4.633,1298,85627,1,865,839,Indeterminate,,y,,,,, ,,,,-1,,,,
3,PSZ1_G281.49-08.34,141.6558333,-62.353,9:26:37,-62:21:11,,,3,0.021,B=7.012, Jack Hughes - S/N=5.125,1310,85628,5,1885,1788,Yes,,y,0.184,4.74E-13,0.22,09 26 54,-62 20 0.6,,,,-1,,,2016-2,
3,PSZ1_G282.11+38.29,175.3825,-21.73780556,11:41:32,-21:44:16,,,3,0.044,B=10.18, Jack Hughes - S/N=4.833,1313,85629,4,1515,1424,Yes,,n,,,,, ,,,,0.327,,,,
3,PSZ1_G286.07-42.77,49.69833333,-69.20322222,3:18:48,-69:12:12,,,3,0.027,B=10.98, Jack Hughes - S/N=4.889,1333,85630,2,595,382,Indeterminate,Opt,y,,,,, ,,,,-1,,,,
3,PSZ1_G286.63-23.93,111.5029167,-74.95911111,7:26:01,-74:57:33,,,3,0.04,B=9.74, Jack Hughes - S/N=4.596,1338,85631,5,2005,1906,Yes,,n,,,,07 26 20.8,-74 59 35.3,,,,-1,,,,
3,PSZ1_G287.21+34.96,178.5425,-26.15602778,11:54:10,-26:09:22,,,3,0.049,B=9.615, Jack Hughes - S/N=5.019,1345,85632,3,2285,1986,Yes,,n,0.0561,7.40E-13,0.15,11 54 15.9,-26 09 13,,,,0.349,,,,
3,PSZ1_G288.27+11.71,170.8383333,-48.63161111,11:23:21,-48:37:54,,,3,0.017,B=8.905, Jack Hughes - S/N=5.907,-999.3,85633,4,1970,1885,Yes (4-XMM),Opt,n,0.068,5.82E-13,0.21,11 23 19,-48 37 27,,,,-1,,,,
3,PSZ1_G288.87-32.97,73.78625,-76.51922222,4:55:09,-76:31:09,,,3,0.022,B=11.15, Jack Hughes - S/N=4.778,1357,85634,1,3315,3274,Yes,,n,0.0793,3.58E-13,0.18,04 54 49.4,-76 31 42.3,MRSS 032-117004,17.8,r,-1,,,,
3,PSZ1_G289.30-28.95,91.02791667,-77.83825,6:04:07,-77:50:18,,,3,0.037,B=10.01, Jack Hughes - S/N=4.913,1360,85635,4,1530,1449,Yes,Opt,n,0.0809,8.27E-13,0.16,06 30 39,-77 50 53,,,,-1,,,,
3,PSZ1_G291.58-23.91,117.7625,-79.27713889,7:51:03,-79:16:38,,,3,0.016,B=11.14, Jack Hughes - S/N=4.608,-999.1,85636,2,845,801,Yes,,n,0.126,8.24E-13,0.24,, ,,,,-1,,,,
3,PSZ1_G294.39-14.34,159.245,-74.93636111,10:36:59,-74:56:11,,,3,0.062,B=6.919, Jack Hughes - S/N=4.98,1388,85637,2,1535,1476,Yes,,n,0.0808,3.93E-13,0.24,, ,,,,-1,,,,
3,PSZ1_G297.20-44.90,25.82625,-71.64055556,1:43:18,-71:38:26,,,3,0.028,B=9.965, Jack Hughes - S/N=4.681,1407,85797,,,,,,y,,,,, ,,,,-1,,,,
3,PSZ1_G297.20-44.90 (Not),33.3875,-71.64055556,2:13:33,-71:38:26,,,3,0.028,B=9.965, Jack Hughes - S/N=4.681,1407,85638,2,965,924,Mispointed,,n,,,,, ,,,,-1,,,,
3,PSZ1_G305.77+44.80,194.9825,-18.01713889,12:59:56,-18:01:02,,,3,0.015,B=11.587, Jack Hughes - S/N=4.717,1441,,,0,,,,y,,,,, ,,,,-1,,,,
3,PSZ1_G305.93-25.47,251.9879167,-86.84063889,16:47:57,-86:50:26,,,3,0.047,B=10.697, Jack Hughes - S/N=5.259,1443,85640,5,1430,1366,Yes (4-XMM),,n,0.0827,1.50E-12,0.12,18 47 22,-86 50 02,,,,-1,,,,
3,PSZ1_G305.97-37.15,359.2608333,-79.64669444,23:57:03,-79:38:48,,,3,0.039,B=10.91, Jack Hughes - S/N=5.993,1444,85641,3,2890,2835,Yes,Opt,n,0.0614,1.77E-12,0.075,23 57 19.6,-79 38 44,,,,-1,,,,
3,PSZ1_G306.96+50.58,195.4775,-12.207,13:01:55,-12:12:25,,,3,0.012,B=8.455, Jack Hughes - S/N=4.605,-999.1,,,0,,,,y,,,,, ,,,,-1,,,,
3,PSZ1_G309.93+09.20,204.3975,-53.03688889,13:37:35,-53:02:13,,,3,0.07,B=7.987, Jack Hughes - S/N=5.213,-999.3,,,0,,,,y,,,,, ,,,,-1,,,,
3,PSZ1_G311.65-18.48,237.555,-78.20058333,15:50:13,-78:12:02,,,3,0.033,B=8.021, Jack Hughes - S/N=4.636,-999.1,,,0,,,,y,,,,, ,,,,-1,,,,
3,PSZ1_G312.36+17.83,205.4104167,-44.11675,13:41:39,-44:07:00,,,3,0.05,B=6.623, Jack Hughes - S/N=4.64,1472,,,0,,,,y,,,,, ,,,,-1,,,,
3,PSZ1_G323.34+27.37,214.3020833,-32.07255556,14:17:13,-32:04:21,,,3,0.012,B=7.30, Jack Hughes - S/N=4.587,1521,,,0,,,,y,,,,, ,,,,-1,,,,
3,PSZ1_G327.27+11.05,227.8354167,-45.1025,15:11:21,-45:06:09,,,3,0.01,B=7.479, Jack Hughes - S/N=6.289,1540,,,0,,,Opt,y,,,,, ,,,,-1,,,,
3,PSZ1_G327.61-06.08,245.4433333,-58.47591667,16:21:46,-58:28:33,,,3,0.107,B=7.447, Jack Hughes - S/N=4.903,-999.1,,,0,,,,y,,,,, ,,,,-1,,,,
3,PSZ1_G337.21-12.59,265.3291667,-54.79008333,17:41:19,-54:47:24,,,3,0.063,B=9.94, Jack Hughes - S/N=5.11,1574,,,0,,,,y,,,,, ,,,,-1,,,,
3,PSZ1_G349.51-06.86,267.00625,-41.44005556,17:48:01,-41:26:24,,,3,0.025,B=7.442, Jack Hughes - S/N=6.103,1628,,,0,,,,y,,,,, ,,,,-1,,,,
3,PSZ1_G357.43+30.60,238.67875,-12.28058333,15:54:43,-12:16:50,,,3,0.011,B=10.852, Jack Hughes - S/N=5.469,-999.2,,,0,,,,y,,,,, ,,,,-1,,,,
4,PSZ2_G057.09+11.19,283.5194099,26.48299795,18:54:05,+26:28:58.79,,,,,,archive S/N=4.9635,233,58320,1,11915,5798,Yes,Yes,n,0.143,1.07E-12,0.08,18 54 09.5,+26 28 13,,,,~0.4,,,,
4,PSZ2_G075.08+19.83,281.6991477,45.77591094,18:46:48,+45:46:33.27,,,,,,archive S/N=5.7380,319,49935,2,3680,3619,Yes,Yes,n,0.0486,1.03E-12,0.1,18 46 37,+45 49 08,,,,,,,,
4,PSZ2_G090.12-13.87,330.9178989,38.08948587,22:03:40,+38:05:22.14,,,,,,archive S/N=4.8687,407,,,,,,,,,,,,,,,,,,,,
4,PSZ2_G091.56+08.50,309.0663098,54.98356235,20:36:16,+54:59:00.82,,,,,,archive S/N=4.7736,412,,,,,,,,,,,,,,,,,,,,
4,PSZ2_G093.41-16.26,335.9786463,38.00703556,22:23:55,+38:00:25.32,,,,,,archive S/N=4.5908,424,,,,,,,,,,,,,,,,,,,,
4,PSZ2_G096.43-20.89,342.0362292,35.55596568,22:48:09,+35:33:21.47,,,,,,archive S/N=5.8051,447,83301,1,620,594,Yes,Yes,n,0.0833,1.18E-12,0.21,22 48 10,+35 32 43,,,,~0.4,,,,
4,PSZ2_G125.84-18.72,16.69655665,44.0575128,1:06:47,+44:03:27.04,,,,,,archive S/N=5.3009,620,49069,1,1410,1387,Yes,Yes,n,0.0769,9.77E-13,0.16,01 07 00 ,+44 06 23,,,,0.19,,,,
4,PSZ2_G126.72-21.03,17.60297038,41.69236191,1:10:25,+41:41:32.50,,,,,,archive S/N=4.6802,628,,,,,,,,,,,,,,,,,,,,
4,PSZ2_G173.76+22.92,109.3682496,44.05767236,7:17:28,+44:03:27.62,,,,,,archive S/N=5.8035,820,,,,,Yes,Yes,,,,,,,,,,0.0652,,,,
4,PSZ2_G203.32+08.91,106.5419128,12.55394855,7:06:10,+12:33:14.21,,,,,,archive S/N=5.1536,920,38566/48190,2,,2775,Yes,Yes,n,0.0944,9.67E-13,0.12,07 06 20,+12 35 02,,,,~0.2,,,,
4,PSZ2_G228.35-66.31,39.66915281,-30.83913394,2:38:41,-30:50:21,,,,,,archive S/N=9.0827,1033,,,,,Not cluster,,,,,,,,,,,,,,,
4,PSZ2_G276.14-07.68,135.347808,-58.0304453,9:01:23,-58:01:50,,,,,,archive S/N=5.652,1283,47837,1,,1051,Yes,Yes,n,0.244,1.76E-12,0.17,09 01 23,-58 01 50,,,,~0.1,,,,
4,PSZ2_G278.87+16.70,162.0431383,-40.33588231,10:48:10,-40:20:09,,,,,,archive S/N=5.3732,1295,,,,,Too far from Plk pos,,,,,,,,,,,,,,,
4,PSZ2_G286.32-30.62,85.37937345,-75.06259142,5:41:31,-75:03:45,,,,,,archive S/N=4.9758,1335,38696/47068,2,,1656,Yes,,n,0.109,9.40E-13,0.15,05 41 29,-75 04 39,,,,~0.1,,,,
4,PSZ2_G289.50-47.49,36.61013692,-67.08190537,2:26:26,-67:04:55,,,,,,archive S/N=5.3254,1362,,,,,,,,,,,,,,,,,,,,
5,PSZ2_G002.04-22.15,291.3595886,-36.5179405,19:25:26,-36:31:05,,,3,0.0101,,Cycle13 S/N=5.1256,,,,,,,,,,,,,,,,,,,,,
5,PSZ2_G003.21-76.04,358.3511963,-33.2932396,23:53:24,-33:17:36,,,3,0.0279,,Cycle13 S/N=4.7895,,,,,,,,,,,,,,,,,,,,,
5,PSZ2_G009.04+31.09,244.5860138,-4.1892991,16:18:21,-4:11:21,,,3,0.042,,Cycle13 S/N=5.0428,,,,,,,,,,,,,,,,,,,,,
5,PSZ2_G010.76-16.91,288.9424133,-26.9947948,19:15:46,-26:59:41,,,3,0.0491,,Cycle13 S/N=4.6352,,,,,,,,,,,,,,,,,,,,,
5,PSZ2_G013.06-75.46,356.8526001,-31.1508598,23:47:25,-31:09:03,,,3,0.0301,,Cycle13 S/N=5.2889,,,,,,,,,,,,,,,,,,,,,
5,PSZ2_G018.73-15.49,290.7770691,-19.3991756,19:23:06,-19:23:57,,,3,0.0199,,Cycle13 S/N=4.8442,,,,,,,,,,,,,,,,,,,,,
5,PSZ2_G018.92-33.64,309.2781372,-25.5929832,20:37:07,-25:35:35,,,3,0.027,,Cycle13 S/N=4.7718,,,,,,,,,,,,,,,,,,,,,
5,PSZ2_G023.87-13.88,291.3959961,-14.2055302,19:25:35,-14:12:20,,,3,0.0366,,Cycle13 S/N=4.9082,,,,,,,,,,,,,,,,,,,,,
5,PSZ2_G027.99-69.85,350.2088013,-27.0299816,23:20:50,-27:01:48,,,3,0.0244,,Cycle13 S/N=4.5635,,,,,,,,,,,,,,,,,,,,,
5,PSZ2_G031.37-71.95,352.6812134,-26.1712856,23:30:43,-26:10:17,,,3,0.0237,,Cycle13 S/N=4.7289,,,,,,,,,,,,,,,,,,,,,
5,PSZ2_G032.31+66.07,219.2979126,24.3892384,14:37:11,+24:23:21.25,,,3,0.0174,,Cycle13 S/N=5.138,,,,,,,,,,,,,,,,,,,,,
5,PSZ2_G032.77+19.69,265.1224976,8.7112379,17:40:29,+08:42:40.45,,,3,0.0408,,Cycle13 S/N=4.7847,,,,,,,,,,,,,,,,,,,,,
5,PSZ2_G035.89-61.39,341.7593384,-22.2282486,22:47:02,-22:13:42,,,3,0.0121,,Cycle13 S/N=4.7326,,,,,,,,,,,,,,,,,,,,,
5,PSZ2_G040.11-42.58,324.2706604,-13.0963345,21:37:05,-13:05:47,,,3,0.0364,,Cycle13 S/N=5.0839,,,,,,,,,,,,,,,,,,,,,
5,PSZ2_G043.44-41.27,324.1835938,-10.2966156,21:36:44,-10:17:48,,,3,0.0414,,Cycle13 S/N=5.5525,,,,,,,,,,,,,,,,,,,,,
5,PSZ2_G045.20+15.63,274.0145874,17.7621651,18:16:04,+17:45:43.79,,,3,0.0442,,Cycle13 S/N=4.6503,,,,,,,,,,,,,,,,,,,,,
5,PSZ2_G045.47+17.80,272.0322266,18.8742886,18:08:08,+18:52:27.43,,,3,0.0365,,Cycle13 S/N=4.6699,,,,,,,,,,,,,,,,,,,,,
5,PSZ2_G051.40-61.15,344.5480347,-15.2724276,22:58:12,-15:16:21,,,3,0.0151,,Cycle13 S/N=4.6046,,,,,,,,,,,,,,,,,,,,,
5,PSZ2_G058.31+41.96,249.0507812,36.0554123,16:36:12,+36:03:19.48,,,3,0.0098,,Cycle13 S/N=4.5354,,,,,,,,,,,,,,,,,,,,,
5,PSZ2_G059.52+16.23,279.339325,30.6641903,18:37:21,+30:39:51.08,,,3,0.0285,,Cycle13 S/N=4.7797,,,,,,,,,,,,,,,,,,,,,
5,PSZ2_G059.76+14.59,281.1949158,30.2467766,18:44:47,+30:14:48.39,,,3,0.0118,,Cycle13 S/N=4.8858,,,,,,,,,,,,,,,,,,,,,
5,PSZ2_G069.47-29.06,326.5036011,13.987607,21:46:01,+13:59:15.38,,,3,0.0358,,Cycle13 S/N=5.1432,,,,,,,,,,,,,,,,,,,,,
5,PSZ2_G076.81-32.57,333.6921997,15.9245243,22:14:46,+15:55:28.28,,,3,0.0099,,Cycle13 S/N=4.6847,,,,,,,,,,,,,,,,,,,,,
5,PSZ2_G079.36+38.06,254.8538971,52.0756645,16:59:25,+52:04:32.39,,,3,0.0151,,Cycle13 S/N=4.9471,,,,,,,,,,,,,,,,,,,,,
5,PSZ2_G086.35-13.94,327.4344788,35.7104149,21:49:44,+35:42:37.49,,,3,0.0116,,Cycle13 S/N=5.4227,,,,,,,,,,,,,,,,,,,,,
5,PSZ2_G089.06-11.79,328.2214966,39.0645866,21:52:53,+39:03:52.51,,,3,0.0136,,Cycle13 S/N=5.7164,,,,,,,,,,,,,,,,,,,,,
5,PSZ2_G092.64+20.78,289.1859131,61.6802368,19:16:45,+61:40:48.85,,,3,0.0153,,Cycle13 S/N=5.1219,,,,,,,,,,,,,,,,,,,,,
5,PSZ2_G094.31-11.31,333.2398987,42.5787926,22:12:58,+42:34:43.65,,,3,0.0179,,Cycle13 S/N=4.7245,,,,,,,,,,,,,,,,,,,,,
5,PSZ2_G105.00+39.68,238.1512146,70.5333557,15:52:36,+70:32:00.08,,,3,0.0144,,Cycle13 S/N=4.9721,,,,,,,,,,,,,,,,,,,,,
5,PSZ2_G106.11+24.11,290.3512878,74.556076,19:21:24,+74:33:21.87,,,3,0.0552,,Cycle13 S/N=5.7025,,,,,,,,,,,,,,,,,,,,,
5,PSZ2_G106.21+26.32,282.1361084,75.0586777,18:48:33,+75:03:31.23,,,3,0.0356,,Cycle13 S/N=4.9013,,,,,,,,,,,,,,,,,,,,,
5,PSZ2_G120.76+44.14,198.1616516,72.8898621,13:12:39,+72:53:23.50,,,3,0.0272,,Cycle13 S/N=5.5857,,,,,,,,,,,,,,,,,,,,,
5,PSZ2_G125.25+33.33,175.5136108,83.4778442,11:42:03,+83:28:40.23,,,3,0.0335,,Cycle13 S/N=5.384,,,,,,,,,,,,,,,,,,,,,
5,PSZ2_G125.55+32.72,171.3945923,83.9580994,11:25:35,+83:57:29.15,,,3,0.0353,,Cycle13 S/N=6.4852,,,,,,,,,,,,,,,,,,,,,
5,PSZ2_G126.36-19.11,17.3427696,43.6337013,1:09:22,+43:38:01.32,,,3,0.0334,,Cycle13 S/N=5.0096,,,,,,,,,,,,,,,,,,,,,
5,PSZ2_G131.15-14.72,24.6438885,47.3943138,1:38:35,+47:23:39.52,,,3,0.0451,,Cycle13 S/N=5.3709,,,,,,,,,,,,,,,,,,,,,
5,PSZ2_G139.72-17.13,34.9805565,42.8316536,2:19:55,+42:49:53.95,,,3,0.0114,,Cycle13 S/N=5.1164,,,,,,,,,,,,,,,,,,,,,
5,PSZ2_G150.64-14.21,49.3320427,40.6768875,3:17:20,+40:40:36.79,,,3,0.0171,,Cycle13 S/N=4.6777,,,,,,,,,,,,,,,,,,,,,
5,PSZ2_G156.24+22.32,101.2348785,59.4509544,6:44:56,+59:27:03.43,,,3,0.0146,,Cycle13 S/N=4.7885,,,,,,,,,,,,,,,,,,,,,
5,PSZ2_G179.45-43.92,49.811718,2.1336763,3:19:15,+02:08:01.23,,,3,0.0242,,Cycle13 S/N=4.5372,,,,,,,,,,,,,,,,,,,,,
5,PSZ2_G180.74-85.21,17.307909,-24.510788,1:09:14,-24:30:39,,,3,0.0109,,Cycle13 S/N=5.1676,,,,,,,,,,,,,,,,,,,,,
5,PSZ2_G183.92-68.82,32.0046196,-15.6243362,2:08:01,-15:37:28,,,3,0.0419,,Cycle13 S/N=4.8647,,,,,,,,,,,,,,,,,,,,,
5,PSZ2_G183.92+16.36,105.4893723,32.8598328,7:01:57,+32:51:35.39,,,3,0.0238,,Cycle13 S/N=4.974,,,,,,,,,,,,,,,,,,,,,
5,PSZ2_G185.68+09.82,99.3389664,28.6406174,6:37:21,+28:38:26.22,,,3,0.0272,,Cycle13 S/N=5.1836,,,,,,,,,,,,,,,,,,,,,
5,PSZ2_G186.50-13.45,77.9523315,16.205883,5:11:49,+16:12:21.17,,,3,0.0255,,Cycle13 S/N=5.2192,,,,,,,,,,,,,,,,,,,,,
5,PSZ2_G193.90+09.41,102.7990799,21.1486225,6:51:12,+21:08:55.04,,,3,0.0336,,Cycle13 S/N=5.0611,,,,,,,,,,,,,,,,,,,,,
5,PSZ2_G195.03-79.43,23.823616,-23.4606533,1:35:18,-23:27:38,,,3,0.0229,,Cycle13 S/N=4.6701,,,,,,,,,,,,,,,,,,,,,
5,PSZ2_G210.02-56.38,49.1152344,-20.7778683,3:16:28,-20:46:40,,,3,0.0178,,Cycle13 S/N=4.7332,,,,,,,,,,,,,,,,,,,,,
5,PSZ2_G218.58+08.71,113.1884003,-1.0031259,7:32:45,-1:00:11,,,3,0.0332,,Cycle13 S/N=4.6284,,,,,,,,,,,,,,,,,,,,,
5,PSZ2_G225.18-33.61,75.9983749,-24.1887627,5:04:00,-24:11:20,,,3,0.0158,,Cycle13 S/N=4.6782,,,,,,,,,,,,,,,,,,,,,
5,PSZ2_G225.76-17.35,92.5719528,-18.9449272,6:10:17,-18:56:42,,,3,0.0483,,Cycle13 S/N=5.0404,,,,,,,,,,,,,,,,,,,,,
5,PSZ2_G226.12-19.51,90.6139984,-20.1029263,6:02:27,-20:06:11,,,3,0.0381,,Cycle13 S/N=4.5715,,,,,,,,,,,,,,,,,,,,,
5,PSZ2_G227.30+09.00,117.5642471,-8.4398375,7:50:15,-8:26:23,,,3,0.0336,,Cycle13 S/N=4.6178,,,,,,,,,,,,,,,,,,,,,
5,PSZ2_G229.40-15.49,95.8813629,-21.4042149,6:23:32,-21:24:15,,,3,0.0231,,Cycle13 S/N=4.6687,,,,,,,,,,,,,,,,,,,,,
5,PSZ2_G232.27+12.59,123.1989441,-10.8505783,8:12:48,-10:51:02,,,3,0.0222,,Cycle13 S/N=4.5194,,,,,,,,,,,,,,,,,,,,,
5,PSZ2_G240.03-19.81,95.6318665,-32.4179001,6:22:32,-32:25:04,,,3,0.0218,,Cycle13 S/N=5.1741,,,,,,,,,,,,,,,,,,,,,
5,PSZ2_G240.71-74.03,29.8348389,-33.5395241,1:59:20,-33:32:22,,,3,0.0208,,Cycle13 S/N=5.2565,,,,,,,,,,,,,,,,,,,,,
5,PSZ2_G242.74-11.66,105.6921539,-31.702919,7:02:46,-31:42:11,,,3,0.0215,,Cycle13 S/N=4.6612,,,,,,,,,,,,,,,,,,,,,
5,PSZ2_G246.45-07.68,111.8392792,-33.231041,7:27:21,-33:13:52,,,3,0.0163,,Cycle13 S/N=5.4876,,,,,,,,,,,,,,,,,,,,,
5,PSZ2_G246.91+24.65,141.5201263,-15.1874084,9:26:05,-15:11:15,,,3,0.0209,,Cycle13 S/N=4.8031,,,,,,,,,,,,,,,,,,,,,
5,PSZ2_G247.14+25.88,142.6282959,-14.5477543,9:30:31,-14:32:52,,,3,0.0578,,Cycle13 S/N=5.3698,,,,,,,,,,,,,,,,,,,,,
5,PSZ2_G250.43-09.02,112.6018753,-37.3536758,7:30:24,-37:21:13,,,3,0.0204,,Cycle13 S/N=6.4441,,,,,,,,,,,,,,,,,,,,,
5,PSZ2_G251.21-16.74,103.9362564,-41.2524681,6:55:45,-41:15:09,,,3,0.027,,Cycle13 S/N=4.7147,,,,,,,,,,,,,,,,,,,,,
5,PSZ2_G251.55-42.78,68.253334,-45.8395157,4:33:01,-45:50:22,,,3,0.0311,,Cycle13 S/N=4.7843,,,,,,,,,,,,,,,,,,,,,
5,PSZ2_G253.43+30.57,150.092041,-15.4101095,10:00:22,-15:24:36,,,3,0.0318,,Cycle13 S/N=4.9375,,,,,,,,,,,,,,,,,,,,,
5,PSZ2_G256.41+32.31,153.2545471,-15.8915491,10:13:01,-15:53:30,,,3,0.0224,,Cycle13 S/N=4.953,,,,,,,,,,,,,,,,,,,,,
5,PSZ2_G263.65+27.87,155.32164,-23.3148766,10:21:17,-23:18:54,,,3,0.0235,,Cycle13 S/N=5.187,,,,,,,,,,,,,,,,,,,,,
5,PSZ2_G268.07+09.39,145.2400513,-40.2458839,9:40:58,-40:14:45,,,3,0.0171,,Cycle13 S/N=4.7296,,,,,,,,,,,,,,,,,,,,,
5,PSZ2_G270.07-20.02,109.0292664,-59.1583672,7:16:07,-59:09:30,,,3,0.0164,,Cycle13 S/N=5.424,,,,,,,,,,,,,,,,,,,,,
5,PSZ2_G270.45-14.50,118.9004745,-57.2498703,7:55:36,-57:15:00,,,3,0.0225,,Cycle13 S/N=4.8509,,,,,,,,,,,,,,,,,,,,,
5,PSZ2_G270.88+37.23,166.3311615,-18.9486103,11:05:19,-18:56:55,,,3,0.0138,,Cycle13 S/N=5.4886,,,,,,,,,,,,,,,,,,,,,
5,PSZ2_G271.04-12.16,123.1561432,-56.5993042,8:12:37,-56:35:57,,,3,0.0194,,Cycle13 S/N=5.2764,,,,,,,,,,,,,,,,,,,,,
5,PSZ2_G271.15+21.10,157.0896606,-32.7954865,10:28:22,-32:47:44,,,3,0.0109,,Cycle13 S/N=4.9957,,,,,,,,,,,,,,,,,,,,,
5,PSZ2_G271.53+36.41,166.3724518,-19.9187584,11:05:29,-19:55:08,,,3,0.0128,,Cycle13 S/N=5.1926,,,,,,,,,,,,,,,,,,,,,
5,PSZ2_G271.55+26.00,160.5608063,-28.8802357,10:42:15,-28:52:49,,,3,0.0248,,Cycle13 S/N=5.0151,,,,,,,,,,,,,,,,,,,,,
5,PSZ2_G274.73-16.79,118.6129608,-61.9600449,7:54:27,-61:57:36,,,3,0.0221,,Cycle13 S/N=5.6486,,,,,,,,,,,,,,,,,,,,,
5,PSZ2_G277.93+12.34,158.0673523,-43.6660233,10:32:16,-43:39:58,,,3,0.0236,,Cycle13 S/N=5.0917,,,,,,,,,,,,,,,,,,,,,
5,PSZ2_G278.56+10.74,157.6282349,-45.3503075,10:30:31,-45:21:01,,,3,0.0201,,Cycle13 S/N=4.7861,,,,,,,,,,,,,,,,,,,,,
5,PSZ2_G278.92+31.06,169.7376099,-27.4578094,11:18:57,-27:27:28,,,3,0.0482,,Cycle13 S/N=5.1782,,,,,,,,,,,,,,,,,,,,,
5,PSZ2_G280.39-10.48,136.6507416,-63.0359535,9:06:36,-63:02:09,,,3,0.0297,,Cycle13 S/N=4.9988,,,,,,,,,,,,,,,,,,,,,
5,PSZ2_G284.30-26.75,99.8761902,-73.4026108,6:39:30,-73:24:09,,,3,0.0133,,Cycle13 S/N=4.7316,,,,,,,,,,,,,,,,,,,,,
5,PSZ2_G285.18+16.11,169.0743408,-43.4527817,11:16:18,-43:27:10,,,3,0.053,,Cycle13 S/N=5.8403,,,,,,,,,,,,,,,,,,,,,
5,PSZ2_G285.28-47.35,42.5380173,-65.4993744,2:50:09,-65:29:58,,,3,0.027,,Cycle13 S/N=5.0999,,,,,,,,,,,,,,,,,,,,,
5,PSZ2_G287.55-14.25,141.6886444,-70.7315063,9:26:45,-70:43:53,,,3,0.0268,,Cycle13 S/N=5.1011,,,,,,,,,,,,,,,,,,,,,
5,PSZ2_G289.50+32.71,179.9768982,-28.804657,11:59:54,-28:48:17,,,3,0.0119,,Cycle13 S/N=4.9718,,,,,,,,,,,,,,,,,,,,,
5,PSZ2_G292.04+22.91,179.9441071,-38.8609428,11:59:47,-38:51:39,,,3,0.0471,,Cycle13 S/N=5.5945,,,,,,,,,,,,,,,,,,,,,
5,PSZ2_G293.35-10.50,162.5448608,-71.089798,10:50:11,-71:05:23,,,3,0.0109,,Cycle13 S/N=4.7797,,,,,,,,,,,,,,,,,,,,,
5,PSZ2_G296.59-10.50,171.9015198,-72.3373108,11:27:36,-72:20:14,,,3,0.0116,,Cycle13 S/N=4.8153,,,,,,,,,,,,,,,,,,,,,
5,PSZ2_G297.91+31.43,187.8533173,-31.2421665,12:31:25,-31:14:32,,,3,0.0143,,Cycle13 S/N=4.963,,,,,,,,,,,,,,,,,,,,,
5,PSZ2_G299.54+17.83,188.3017883,-44.918541,12:33:12,-44:55:07,,,3,0.0384,,Cycle13 S/N=6.0212,,,,,,,,,,,,,,,,,,,,,
5,PSZ2_G305.59-54.80,9.5577507,-62.2546196,0:38:14,-62:15:17,,,3,0.0214,,Cycle13 S/N=5.2612,,,,,,,,,,,,,,,,,,,,,
5,PSZ2_G308.04-15.48,216.094574,-77.4267426,14:24:23,-77:25:36,,,3,0.0685,,Cycle13 S/N=4.6593,,,,,,,,,,,,,,,,,,,,,
5,PSZ2_G310.22+23.02,201.5511932,-39.3544693,13:26:12,-39:21:16,,,3,0.0195,,Cycle13 S/N=4.7233,,,,,,,,,,,,,,,,,,,,,
5,PSZ2_G311.33-48.50,358.1152344,-67.6484604,23:52:28,-67:38:54,,,3,0.0223,,Cycle13 S/N=5.2805,,,,,,,,,,,,,,,,,,,,,
5,PSZ2_G315.71-83.81,11.2291975,-33.1467171,0:44:55,-33:08:48,,,3,0.0133,,Cycle13 S/N=4.5523,,,,,,,,,,,,,,,,,,,,,
5,PSZ2_G316.43+54.02,200.8194427,-8.0130281,13:23:17,-8:00:47,,,3,0.0237,,Cycle13 S/N=5.1838,,,,,,,,,,,,,,,,,,,,,
5,PSZ2_G316.89-32.24,309.09552,-76.8455887,20:36:23,-76:50:44,,,3,0.0262,,Cycle13 S/N=5.1829,,,,,,,,,,,,,,,,,,,,,
5,PSZ2_G317.79+26.63,208.9920197,-34.3669739,13:55:58,-34:22:01,,,3,0.0578,,Cycle13 S/N=5.7615,,,,,,,,,,,,,,,,,,,,,
5,PSZ2_G322.44+20.29,216.6178589,-38.9511566,14:26:28,-38:57:04,,,3,0.0894,,Cycle13 S/N=5.2562,,,,,,,,,,,,,,,,,,,,,
5,PSZ2_G323.96+43.81,208.5254822,-16.4825687,13:54:06,-16:28:57,,,3,0.0284,,Cycle13 S/N=4.9739,,,,,,,,,,,,,,,,,,,,,
5,PSZ2_G325.19+49.12,207.4979095,-11.199295,13:49:59,-11:11:57,,,3,0.0244,,Cycle13 S/N=4.6205,,,,,,,,,,,,,,,,,,,,,
5,PSZ2_G328.05+15.79,225.4370575,-40.6348381,15:01:45,-40:38:05,,,3,0.1368,,Cycle13 S/N=5.5805,,,,,,,,,,,,,,,,,,,,,
5,PSZ2_G337.95+22.70,230.4398651,-29.7548523,15:21:46,-29:45:17,,,3,0.0154,,Cycle13 S/N=6.0316,,,,,,,,,,,,,,,,,,,,,
5,PSZ2_G339.74-51.08,333.7589417,-53.3557014,22:15:02,-53:21:21,,,3,0.01,,Cycle13 S/N=4.6088,,,,,,,,,,,,,,,,,,,,,
5,PSZ2_G341.09-33.15,302.6888428,-56.6366386,20:10:45,-56:38:12,,,3,0.0247,,Cycle13 S/N=6.3198,,,,,,,,,,,,,,,,,,,,,
5,PSZ2_G343.68+24.10,234.1434631,-25.4146862,15:36:34,-25:24:53,,,3,0.0179,,Cycle13 S/N=5.6439,,,,,,,,,,,,,,,,,,,,,
5,PSZ2_G349.18+38.66,227.9724121,-11.2784748,15:11:53,-11:16:43,,,3,0.0508,,Cycle13 S/N=5.1507,,,,,,,,,,,,,,,,,,,,,
5,PSZ2_G353.36-26.49,294.1021423,-45.2953758,19:36:25,-45:17:43,,,3,0.0414,,Cycle13 S/N=4.7288,,,,,,,,,,,,,,,,,,,,,
5,PSZ2_G356.21-43.11,317.8339844,-44.4344254,21:11:20,-44:26:04,,,3,0.0298,,Cycle13 S/N=5.1663,,,,,,,,,,,,,,,,,,,,,
5,PSZ2_G356.88-11.33,276.5105896,-37.097435,18:26:03,-37:05:51,,,3,0.8901,,Cycle13 S/N=5.1058,,,,,,,,,,,,,,,,,,,,,
5,PSZ2_G358.80-10.83,276.9624023,-35.1774406,18:27:51,-35:10:39,,,3,0.0979,,Cycle13 S/N=4.6598,,,,,,,,,,,,,,,,,,,,,
6,PSZ1_G021.88+17.75,262.0860901,-1.344346,17:28:21,-1:20:40,,,3,0.0191,,Cycle13 S/N=5.637,72,85589,2,665,629,Indeterminate,,y,,,,, ,,,,-1,,,,
6,PSZ1_G027.95+15.63,266.7042847,2.7766864,17:46:49,+02:46:36.07,,,3,0.0257,,Cycle 13 S/N=4.768,94,85591,3,1390,1324,No,,y,,,,, ,,,,-1,,,,
6,PSZ1_G028.15-08.63,288.4256592,-8.1476851,19:13:42,-8:08:52,,,3,0.0119,,Cycle 13 S/N=5.072,98,,,0,,,,y,,,,, ,,,,-1,,,,
6,PSZ1_G047.53+08.55,281.7441101,16.8431625,18:46:59,+16:50:35.38,,,3,0.023,,Cycle 13 S/N=5.816,185,85594,4,2840,2530,No,,n,,,,, ,,,,-1,,,,
6,PSZ1_G048.22-51.60,335.0523071,-12.2165394,22:20:13,-12:13:00,,,3,0.0204,,Cycle 13 S/N=4.505,192,85595,2,2645,2570,Yes,,n,0.039,5.71E-13,0.15,22 20 16.8,-12 11 39.8,,,,0.544,,,,
6,PSZ1_G057.42-10.77,304.3560791,16.0925293,20:17:25,+16:05:33.10,,,3,0.0755,,Cycle 13 S/N=4.757,-999.1,85597,3,1505,1444,Yes,,n,0.113,2.56E-12,0.09779091327,20 17 28.1,+16 03 36,2MASX J20172578+1603270 ,,,-1,,,,
6,PSZ1_G078.39+46.13,242.2711945,50.2099686,16:09:05,+50:12:35.88,,,3,0.0109,,Cycle 13 S/N=4.904,-999.1,,,0,,,,y,,,,, ,,,,-1,,,,
6,PSZ1_G103.50+31.36,264.1903992,72.5537109,17:36:46,+72:33:13.35,,,3,0.0133,,Cycle 13 S/N=4.635,-999.1,85601,12,3305,3049,Yes,,n,,,,17 36 49,+72 34 17,,,,-1,,,,
6,PSZ1_G123.39+30.62,186.4329376,86.4757462,12:25:44,+86:28:32.68,,,3,0.0233,,Cycle 13 S/N=4.533,604,85604,3,570,490,Possible,,y,,,,, ,,,,-1,,,,
6,PSZ1_G135.68+45.61,167.4548035,68.9123383,11:09:49,+68:54:44.41,,,3,0.0107,,Cycle 13 S/N=4.577,-999.1,,,0,,,,y,,,,, ,,,,-1,,,,
6,PSZ1_G262.45+49.34,167.7163391,-5.4615383,11:10:52,-5:27:42,,,3,0.0104,,Cycle 13 S/N=4.604,-999.1,85623,3,1340,829,Indeterminate,,y,,,,, ,,,,-1,,,,
6,PSZ1_G278.94-17.62,121.0917282,-65.9300537,8:04:22,-65:55:48,,,3,0.0172,,Cycle 13 S/N=4.633,1298,85627,1,865,839,Indeterminate,,y,,,,, ,,,,-1,,,,
6,PSZ1_G281.49-08.34,141.6461945,-62.3463326,9:26:35,-62:20:47,,,3,0.0211,,Cycle 13 S/N=5.125,1310,85628,5,1885,1788,Yes,,y,0.184,4.74E-13,0.22,09 26 54,-62 20 0.6,,,,-1,,,2016-2,
6,PSZ1_G286.07-42.77,49.758831,-69.222229,3:19:02,-69:13:20,,,3,0.0274,,Cycle 13 S/N=4.889,1333,85630,2,595,382,Indeterminate,Opt,y,,,,, ,,,,-1,,,,
6,PSZ1_G291.58-23.91,117.7628098,-79.2771301,7:51:03,-79:16:38,,,3,0.0158,,Cycle 13 S/N=4.608,-999.1,85636,2,845,801,Yes,,n,0.126,8.24E-13,0.24,, ,,,,-1,,,,
6,PSZ1_G294.39-14.34,159.2046814,-74.9175491,10:36:49,-74:55:03,,,3,0.0621,,Cycle 13 S/N=4.98,1388,85637,2,1535,1476,Yes,,n,0.0808,3.93E-13,0.24,, ,,,,-1,,,,
6,PSZ1_G297.20-44.90,25.826355,-71.640564,1:43:18,-71:38:26,,,3,0.0282,,Cycle 13 S/N=4.681,1407,85797,,,,,,y,,,,, ,,,,-1,,,,
6,PSZ1_G305.77+44.80,194.9767609,-18.0330143,12:59:54,-18:01:59,,,3,0.0146,,Cycle 13 S/N=4.717,1441,,,0,,,,y,,,,, ,,,,-1,,,,
6,PSZ1_G305.97-37.15,359.2900696,-79.6524582,23:57:10,-79:39:09,,,3,0.0387,,Cycle 13 S/N=5.993,1444,85641,3,2890,2835,Yes,Opt,n,0.0614,1.77E-12,0.075,23 57 19.6,-79 38 44,,,,-1,,,,
6,PSZ1_G306.96+50.58,195.4776611,-12.2070036,13:01:55,-12:12:25,,,3,0.0116,,Cycle 13 S/N=4.605,-999.1,,,0,,,,y,,,,,,,,,-1,,,,
6,PSZ1_G309.93+09.20,204.3975525,-53.0368767,13:37:35,-53:02:13,,,3,0.07,,Cycle 13 S/N=5.213,-999.3,,,0,,,,y,,,,,,,,,-1,,,,
6,PSZ1_G311.65-18.48,237.5553284,-78.2005692,15:50:13,-78:12:02,,,3,0.0328,,Cycle 13 S/N=4.636,-999.1,,,0,,,,y,,,,,,,,,-1,,,,
6,PSZ1_G312.36+17.83,205.3895721,-44.104023,13:41:33,-44:06:14,,,3,0.0503,,Cycle 13 S/N=4.64,1472,,,0,,,,y,,,,,,,,,-1,,,,
6,PSZ1_G323.34+27.37,214.2705994,-32.0827293,14:17:05,-32:04:58,,,3,0.0124,,Cycle 13 S/N=4.587,1521,,,0,,,,y,,,,,,,,,-1,,,,
6,PSZ1_G327.27+11.05,227.8356323,-45.1025047,15:11:21,-45:06:09,,,3,0.0102,,Cycle 13 S/N=6.289,1540,,,0,,,Opt,y,,,,,,,,,-1,,,,
6,PSZ1_G327.61-06.08,245.4434052,-58.4759216,16:21:46,-58:28:33,,,3,0.1068,,Cycle 13 S/N=4.903,-999.1,,,0,,,,y,,,,,,,,,-1,,,,
6,PSZ1_G337.21-12.59,265.3502808,-54.7810974,17:41:24,-54:46:52,,,3,0.0633,,Cycle 13 S/N=5.11,1574,,,0,,,,y,,,,,,,,,-1,,,,
6,PSZ1_G349.51-06.86,266.9917908,-41.4478722,17:47:58,-41:26:52,,,3,0.0248,,Cycle 13 S/N=6.103,1628,,,0,,,,y,,,,,,,,,-1,,,,
6,PSZ1_G357.43+30.60,238.6789703,-12.2805719,15:54:43,-12:16:50,,,3,0.0114,,Cycle 13 S/N=5.469,-999.2,,,0,,,,y,,,,,,,,,-1,,,,