,PSZ2 Indx,Name,RA,DEC,RA_SEX,DEC_SEX,SDSS Footprint,SkyServer,SDSS Catalog,SNR,PSZ1,Redshift,Semester,Val,PCCS2,PSZ1 Name,Optical run1,Optical run2,IR run1,Optical Bands,Optical Status,IR Status,Observable,ROSAT,RASS rate,RASS S/N,New RASS rate,New RASS S/N,PSZ1 Index,PSZ2 Index,New S/N,Old S/N
0,744,PSZ2_G153.56+36.82,131.1331774,62.41165761,8:44:32,+62:24:41.96,True,http://skyserver.sdss.org/dr13/en/tools/chart/navi.aspx?ra=131.133177&dec=62.411658&opt=S,MADE,15.8967,-1,-1,1.0,-1,T,,,,17-Nov-15,,unknown,unknown,True,,,,-0.0011,-0.35,,,,
1,1601,PSZ2_G342.45+24.14,233.15498309999998,-26.09960369,15:32:37,-26:05:59,False,,,15.7141,-1,-1,-1.0,-1,T,,27-Apr-16,,,,unknown,unknown,False,,,,0.003,0.45,,,,
2,485,PSZ2_G100.45+16.79,304.64066329999997,66.78551437,20:18:34,+66:47:07.85,False,,,11.7853,-1,-1,1.0,-1,T,,7-Oct-15,,16-Nov-15,,unknown,unknown,True,,,,-0.0033,-2.18,,,,
3,1587,PSZ2_G340.09+22.89,232.11948399999997,-28.424133500000003,15:28:29,-28:25:27,False,,,11.3539,-1,-1,-1.0,-1,T,,27-Apr-16,,,,unknown,unknown,False,,,,0.0051,0.7,,,,
4,603,PSZ2_G123.35+25.39,25.33167665,88.22071422,1:41:20,+88:13:14.57,False,,,10.8593,449,-1,-999.0,-1,T,PSZ1_G123.37+25.34,25-Oct-14,,22-Feb-16,,unknown,unknown,True,,0.0042,1.0,0.0022,0.57,449.0,603.0,10.86,5.897
5,522,PSZ2_G107.41-09.57,348.4457875,50.32555889,23:13:47,+50:19:32.01,False,,,10.6877,-1,-1,2.0,-1,T,,13-Jun-16,,16-Nov-15,,unknown,unknown,True,,,,-0.0037,-0.94,,,,
6,949,PSZ2_G210.37-37.00,68.18270407,-14.05027829,4:32:44,-14:03:01,False,,,9.8447,-1,-1,-2.0,-1,T,,,,17-Nov-15,,unknown,unknown,True,,,,-0.0011,-0.2,,,,
7,796,PSZ2_G166.27-24.71,55.66079793,23.41149792,3:42:39,+23:24:41.39,False,,,9.5753,-1,-1,2.0,-1,T,,,,16-Nov-15,,unknown,unknown,True,,,,-0.0061,-2.28,,,,
8,1502,PSZ2_G318.46+83.79,194.6379736,21.13664876,12:58:33,+21:08:11.93,True,http://skyserver.sdss.org/dr13/en/tools/chart/navi.aspx?ra=194.637974&dec=21.136649&opt=S,MADE,9.401,1122,-1,-999.0,-1,F,PSZ1_G318.61+83.80,20-Feb-14,,20-Mar-14,girz,reduced,unknown,True,,-0.0031,-1.01,-0.0029,-0.97,1122.0,1502.0,9.401,6.928999999999999
9,1070,PSZ2_G235.96+38.21,146.546254,0.486121791,9:46:11,+00:29:10.03,True,http://skyserver.sdss.org/dr13/en/tools/chart/navi.aspx?ra=146.546254&dec=0.486122&opt=S,MADE,9.3962,791,-1,1.0,-1,T,PSZ1_G235.93+38.21,29-Jan-16,,21-Feb-16,,unknown,unknown,True,,-0.0038,-1.62,-0.0039,-1.67,791.0,1070.0,9.396,4.792
10,1043,PSZ2_G230.28-28.57,82.78813825,-26.82472872,5:31:09,-26:49:29,False,,,9.3019,-1,-1,-2.0,-1,T,,2-Apr-16,,,,unknown,unknown,True,,,,-0.0058,-2.66,,,,
11,845,PSZ2_G181.88-30.77,61.08926858,9.27079767,4:04:21,+09:16:14.87,False,,,9.2935,-1,-1,2.0,-1,F,,,,17-Nov-15,,unknown,unknown,True,,,,-0.0029,-0.85,,,,
12,165,PSZ2_G044.83+10.02,279.164107,15.08047921,18:36:39,+15:04:49.72,False,,,9.2704,127,-1,1.0,-1,T,PSZ1_G044.83+10.02,7-Oct-15,,21-Feb-16,,unknown,unknown,True,,-0.0021,-0.59,-0.0021,-0.59,127.0,165.0,9.27,7.27
13,1100,PSZ2_G243.00-65.94,38.9777896,-36.73761312,2:35:55,-36:44:15,False,,,9.1819,-1,-1,-2.0,-1,F,,,,,,unknown,unknown,True,,,,-0.0023,-0.81,,,,
14,113,PSZ2_G032.12-14.96,295.8916172,-7.462413944,19:43:34,-7:27:45,True,http://skyserver.sdss.org/dr13/en/tools/chart/navi.aspx?ra=295.891617&dec=-7.462414&opt=S,MADE,9.1188,88,-1,-1.0,-1,F,PSZ1_G032.15-14.93,14-Jul-16,,,,unknown,unknown,True,,-0.0076,-2.13,-0.0036,-0.72,88.0,113.0,9.119,8.214
15,1033,PSZ2_G228.35-66.31,39.66915281,-30.83913394,2:38:41,-30:50:21,False,,,9.0827,-1,-1,-2.0,-1,F,,,,,,unknown,unknown,True,,,,0.0227,2.6,,,,
16,105,PSZ2_G029.80-17.40,297.1337388,-10.52775726,19:48:32,-10:31:40,False,,,9.0066,78,-1,-1.0,-1,T,PSZ1_G029.79-17.37,13-Jun-16,,,,unknown,unknown,True,,0.0007,0.08,0.0068,0.67,78.0,105.0,9.007,6.591
17,1388,PSZ2_G294.37-14.33,159.2046791,-74.91753648,10:36:49,-74:55:03,False,,,8.8712,1030,-1,-1.0,-1,T,PSZ1_G294.39-14.34,3-Apr-16,,,,unknown,unknown,False,,0.0621,0.92,0.0257,0.83,1030.0,1388.0,8.871,4.98
18,303,PSZ2_G071.67-42.76,337.7250414,5.701450071,22:30:54,+05:42:05.22,True,http://skyserver.sdss.org/dr13/en/tools/chart/navi.aspx?ra=337.725041&dec=5.701450&opt=S,MADE,8.6349,239,-1,-999.0,-1,T,PSZ1_G071.64-42.76,7-Sep-13,24-Oct-14,3-Nov-14,,unknown,unknown,True,,-0.0021,-0.4,-0.0024,-0.46,239.0,303.0,8.635,8.821
19,1465,PSZ2_G310.81+83.91,193.75253490000003,21.0947672,12:55:01,+21:05:41.16,True,http://skyserver.sdss.org/dr13/en/tools/chart/navi.aspx?ra=193.752535&dec=21.094767&opt=S,MADE,8.2891,1093,-1,1.0,-1,T,,,,21-Feb-16,,unknown,unknown,True,,,,-0.0041,-1.35,1093.0,,,
20,1485,PSZ2_G314.77-28.57,293.47610269999996,-79.43657736,19:33:54,-79:26:12,False,,,8.2179,-1,-1,-1.0,-1,F,,,,,,unknown,unknown,False,,,,0.0053,0.63,,,,
21,1489,PSZ2_G315.66-28.64,293.5013063,-78.64764777,19:34:00,-78:38:52,False,,,8.2138,1116,-1,-1.0,-1,T,PSZ1_G315.62-28.63,,,,,unknown,unknown,False,,-0.0051,-1.19,-0.0013,-0.21,1116.0,1489.0,8.214,6.479
22,675,PSZ2_G137.58+53.88,174.86224130000002,61.15028912,11:39:27,+61:09:01.04,True,http://skyserver.sdss.org/dr13/en/tools/chart/navi.aspx?ra=174.862241&dec=61.150289&opt=S,MADE,8.1791,497,-1,-999.0,-1,T,PSZ1_G137.56+53.88,20-Feb-14,,21-Mar-14,,unknown,unknown,True,ROS-PSPC,-0.0075,-4.06,-0.0076,-4.09,497.0,675.0,8.179,5.729
23,795,PSZ2_G166.27-25.02,55.43459157,23.18345871,3:41:44,+23:11:00.45,False,,,8.0897,-1,-1,2.0,-1,T,,,,,,unknown,unknown,True,,,,-0.0058,-2.23,,,,
24,1375,PSZ2_G292.84-16.57,149.2666707,-75.90834612,9:57:04,-75:54:30,False,,,7.9734,1023,-1,-1.0,-1,F,PSZ1_G292.83-16.60,,,,,unknown,unknown,False,RASS BCS,0.0713,4.08,0.1012,4.97,1023.0,1375.0,7.973,4.954
25,673,PSZ2_G137.24+53.93,175.27723659999998,61.19417407,11:41:07,+61:11:39.02,True,http://skyserver.sdss.org/dr13/en/tools/chart/navi.aspx?ra=175.277237&dec=61.194174&opt=S,MADE,7.8731,-1,-1,1.0,-1,F,,,,21-Feb-16,,unknown,unknown,True,,,,-0.0036,-1.12,,,,
26,1120,PSZ2_G246.86-12.29,107.0408592,-35.62741104,7:08:10,-35:37:39,False,,,7.8616,839,-1,-999.0,-1,T,PSZ1_G246.85-12.28,7-Sep-13,28-Nov-13,1-Dec-14,,unknown,unknown,True,,-0.0007,-0.2,-0.0009,-0.25,839.0,1120.0,7.862,7.462000000000001
27,1575,PSZ2_G337.90+23.58,229.8026131,-29.07012872,15:19:13,-29:04:12,False,,,7.7894,1171,-1,-999.0,-1,T,PSZ1_G337.89+23.60,28-Mar-14,,,,unknown,unknown,False,,-0.0027,-0.43,-0.0048,-0.87,1171.0,1575.0,7.789,6.742999999999999
28,98,PSZ2_G028.15-08.62,288.4216367,-8.140585426,19:13:41,-8:08:26,False,,,7.6665,72,-1,-1.0,-1,F,PSZ1_G028.15-08.63,30-Apr-16,,,,unknown,unknown,True,,0.0119,1.39,0.0075,0.93,72.0,98.0,7.667000000000001,5.072
29,800,PSZ2_G167.44-38.06,47.30173852,12.61985997,3:09:12,+12:37:11.49,False,,,7.6566,580,-1,-999.0,-1,T,PSZ1_G167.43-38.04,25-Oct-14,,xxx,,unknown,unknown,True,,0.0111,1.1,0.011000000000000001,1.1,580.0,800.0,7.657,6.107
30,1628,PSZ2_G349.50-06.85,266.9918117,-41.44786633,17:47:58,-41:26:52,False,,,7.6061,1209,-1,-1.0,-1,F,PSZ1_G349.51-06.86,,,,,unknown,unknown,False,,0.0248,1.37,0.021,1.21,1209.0,1628.0,7.606,6.103
31,952,PSZ2_G210.71+63.08,162.9234653,24.96921975,10:51:42,+24:58:09.19,True,http://skyserver.sdss.org/dr13/en/tools/chart/navi.aspx?ra=162.923465&dec=24.969220&opt=S,MADE,7.3734,-1,-1,1.0,-1,T,,,,22-Feb-16,,unknown,unknown,True,,,,0.0017,0.33,,,,
32,1463,PSZ2_G309.62-19.95,234.82538,-80.56573974,15:39:18,-80:33:57,False,,,7.3513,1090,-1,-1.0,-1,T,PSZ1_G309.62-19.95,,,,,unknown,unknown,False,,-0.0011,-0.15,-0.0013,-0.18,1090.0,1463.0,7.351,6.441
33,1510,PSZ2_G320.94+83.69,194.9459811,21.11573247,12:59:47,+21:06:56.63,True,http://skyserver.sdss.org/dr13/en/tools/chart/navi.aspx?ra=194.945981&dec=21.115732&opt=S,MADE,7.3218,-1,-1,1.0,-1,T,,,,22-Feb-16,,unknown,unknown,True,,,,0.0074,1.33,,,,
34,875,PSZ2_G189.79-37.25,59.90453503,0.131891524,3:59:37,+00:07:54.80,True,http://skyserver.sdss.org/dr13/en/tools/chart/navi.aspx?ra=59.904535&dec=0.131892&opt=S,MADE,7.2778,641,-1,-999.0,-1,F,PSZ1_G189.82-37.25,7-Sep-13,28-Nov-13,3-Nov-14,,unknown,unknown,True,,0.0043,0.78,0.0009,0.21,641.0,875.0,7.278,6.992999999999999
35,1199,PSZ2_G260.80+06.71,136.2992971,-37.02497175,9:05:12,-37:01:30,False,,,7.2589,894,-1,-1.0,-1,F,PSZ1_G260.83+06.73,,,,,unknown,unknown,True,,0.0161,2.33,0.0097,1.59,894.0,1199.0,7.2589999999999995,4.704
36,1385,PSZ2_G294.28-19.03,146.5609664,-78.65899878,9:46:15,-78:39:32,False,,,7.2524,-1,-1,-1.0,-1,F,,,,,,unknown,unknown,False,,,,-0.0044,-2.08,,,,
37,1540,PSZ2_G327.27+11.05,227.83563619999998,-45.10250732,15:11:21,-45:06:09,False,,,7.2466,1141,-1,-999.0,-1,T,PSZ1_G327.27+11.05,28-Mar-14,,,,unknown,unknown,False,,0.0102,1.1,0.0102,1.1,1141.0,1540.0,7.247000000000001,6.289
38,525,PSZ2_G107.83-45.45,1.8955148569999998,16.13084928,0:07:35,+16:07:51.05,True,http://skyserver.sdss.org/dr13/en/tools/chart/navi.aspx?ra=1.895515&dec=16.130849&opt=S,MADE,7.0946,-1,-1,2.0,-1,T,,,,,,unknown,unknown,True,,,,-0.0008,-0.15,,,,
39,1160,PSZ2_G253.44-10.93,112.1382027,-40.85460056,7:28:33,-40:51:17,False,,,7.075,867,-1,-999.0,-1,T,PSZ1_G253.42-10.94,28-Nov-13,28-Jan-14,2-Dec-14,,unknown,unknown,False,,-0.0031,-0.57,-0.0033,-0.59,867.0,1160.0,7.075,6.265
40,1294,PSZ2_G278.79+08.54,156.2233157,-47.337400200000005,10:24:54,-47:20:15,False,,,7.0701,961,-1,-999.0,-1,F,PSZ1_G278.78+08.54,28-Jan-14,,,,unknown,unknown,False,,0.0201,2.05,0.017,1.83,961.0,1294.0,7.07,5.978
41,882,PSZ2_G192.40-67.89,34.5818793,-17.75636893,2:18:20,-17:45:23,True,http://skyserver.sdss.org/dr13/en/tools/chart/navi.aspx?ra=34.581879&dec=-17.756369&opt=S,MADE,7.0301,-1,-1,-2.0,-1,F,,,,,,unknown,unknown,True,,,,-0.0058,-2.24,,,,
42,80,PSZ2_G024.46-18.08,295.5950788,-15.43575602,19:42:23,-15:26:09,False,,,6.9758,-1,-1,,-1,F,,,,,,unknown,unknown,True,,,,-0.0064,-2.1,,,,
43,631,PSZ2_G127.35-10.69,19.92309251,51.93760921,1:19:42,+51:56:15.39,False,,,6.9407,465,-1,,-1,F,PSZ1_G127.36-10.69,25-Oct-14,,5-Nov-14,,unknown,unknown,True,,0.0028,0.38,0.006999999999999999,0.82,465.0,631.0,6.941,5.5760000000000005
44,668,PSZ2_G136.31+54.67,176.959825,60.76557528,11:47:50,+60:45:56.07,True,http://skyserver.sdss.org/dr13/en/tools/chart/navi.aspx?ra=176.959825&dec=60.765575&opt=S,MADE,6.9194,-1,-1,,-1,T,,,,22-Feb-16,,unknown,unknown,True,,,,-0.0006,-0.14,,,,
45,1284,PSZ2_G276.46-21.52,110.1690605,-65.29388282,7:20:41,-65:17:38,False,,,6.916,956,-1,,-1,T,PSZ1_G276.48-21.52,31-Dec-15,,,,unknown,unknown,False,,0.0302,3.92,0.032,4.05,956.0,1284.0,6.916,4.522
46,666,PSZ2_G135.94-68.22,17.67392757,-5.845709225,1:10:42,-5:50:45,True,http://skyserver.sdss.org/dr13/en/tools/chart/navi.aspx?ra=17.673928&dec=-5.845709&opt=S,MADE,6.8663,-1,-1,,-1,T,,24-Aug-15,,,,unknown,unknown,True,,,,0.0002,0.06,,,,
47,117,PSZ2_G033.27-17.54,298.7166445,-7.603083208999999,19:54:52,-7:36:11,False,,,6.8545,91,-1,,-1,F,PSZ1_G033.33-17.54,9-Sep-16,,,,unknown,unknown,True,,0.0047,0.67,0.0073,0.96,91.0,117.0,6.855,5.784
48,419,PSZ2_G092.46-35.22,346.4589494,21.32443381,23:05:50,+21:19:27.96,True,http://skyserver.sdss.org/dr13/en/tools/chart/navi.aspx?ra=346.458949&dec=21.324434&opt=S,MADE,6.7274,318,-1,,-1,F,PSZ1_G092.46-35.25,26-Oct-14,,5-Nov-14,,unknown,unknown,True,,-0.0035,-1.14,-0.0039,-1.27,318.0,419.0,6.727,5.4670000000000005
49,1444,PSZ2_G305.96-37.15,359.2900797,-79.65246045,23:57:10,-79:39:09,False,,,6.7212,1073,-1,,-1,F,PSZ1_G305.97-37.15,1-Nov-14,,1-Dec-14,,unknown,unknown,False,,0.0387,2.4,0.0336,2.19,1073.0,1444.0,6.721,5.992999999999999
50,1653,PSZ2_G359.67-07.23,273.5496293,-32.79096593,18:14:12,-32:47:27,False,,,6.7109,1226,-1,,-1,T,PSZ1_G359.67-07.23,,,,,unknown,unknown,False,RASS BCS/WGACAT,0.1359,3.88,0.1425,3.99,1226.0,1653.0,6.711,5.654
51,1576,PSZ2_G337.91-12.15,265.25631830000003,-53.98345366,17:41:02,-53:59:00,False,,,6.6766,1172,-1,,-1,F,PSZ1_G337.91-12.15,13-Jul-16,,,,unknown,unknown,False,WGACAT,-0.0085,-0.74,-0.0081,-0.71,1172.0,1576.0,6.6770000000000005,4.9830000000000005
52,1443,PSZ2_G305.96-25.45,251.91903109999998,-86.81068985,16:47:41,-86:48:38,False,,,6.6438,1072,-1,,-1,T,PSZ1_G305.93-25.47,,,,,unknown,unknown,False,,0.0467,2.93,0.0416,2.72,1072.0,1443.0,6.644,5.2589999999999995
53,185,PSZ2_G047.53+08.55,281.74411119999996,16.84316444,18:46:59,+16:50:35.39,False,,,6.5539,144,-1,,-1,T,PSZ1_G047.53+08.55,14-Jun-16,,,,unknown,unknown,True,,0.023,1.09,0.023,1.09,144.0,185.0,6.553999999999999,5.816
54,1310,PSZ2_G281.48-08.34,141.64620159999998,-62.34633032,9:26:35,-62:20:47,False,,,6.5178,976,-1,,-1,F,PSZ1_G281.49-08.34,17-Mar-16,,,,unknown,unknown,False,,0.0211,2.09,0.0212,2.11,976.0,1310.0,6.518,5.125
55,617,PSZ2_G125.55+32.72,171.3945938,83.95809085,11:25:35,+83:57:29.12,False,,,6.4852,-1,-1,,-1,F,,,,23-Feb-16,,unknown,unknown,True,,,,0.0353,3.71,,,,
56,1409,PSZ2_G297.64-11.94,173.7429101,-74.02848759999999,11:34:58,-74:01:43,False,,,6.4649,1045,-1,,-1,T,PSZ1_G297.64-11.94,29-Jan-14,,,,unknown,unknown,False,,-0.0037,-0.82,-0.0037,-0.82,1045.0,1409.0,6.465,5.86
57,1141,PSZ2_G250.43-09.02,112.6018754,-37.35368004,7:30:24,-37:21:13,False,,,6.4441,854,-1,,-1,T,PSZ1_G250.43-09.05,28-Jan-14,,,,unknown,unknown,True,,0.002,0.33,0.0204,2.07,854.0,1141.0,6.444,6.011
58,91,PSZ2_G027.77+10.88,270.8407059,0.432664216,18:03:22,+00:25:57.59,True,http://skyserver.sdss.org/dr13/en/tools/chart/navi.aspx?ra=270.840706&dec=0.432664&opt=S,MADE,6.4166,-1,-1,,-1,T,,14-Jun-16,,,,unknown,unknown,True,,,,0.001,0.11,,,,
59,497,PSZ2_G104.15-38.85,357.201837,21.7235008,23:48:48,+21:43:24.60,True,http://skyserver.sdss.org/dr13/en/tools/chart/navi.aspx?ra=357.201837&dec=21.723501&opt=S,MADE,6.4145,-1,-1,,-1,T,,14-Jun-16,,,,unknown,unknown,True,,,,0.0041,0.94,,,,
60,776,PSZ2_G163.22-26.48,52.11903775,23.83754341,3:28:29,+23:50:15.15,False,,,6.3463,-1,-1,,-1,T,,,,23-Feb-16,,unknown,unknown,True,,,,-0.0042,-1.82,,,,
61,1594,PSZ2_G341.09-33.15,302.68887,-56.63664304,20:10:45,-56:38:12,False,,,6.3198,-1,-1,,-1,F,,27-Apr-16,,,,unknown,unknown,False,,,,0.0247,1.15,,,,
62,953,PSZ2_G210.78-36.25,69.02984701,-14.049447500000001,4:36:07,-14:02:58,False,,,6.3181,-1,-1,,-1,F,,,,23-Feb-16,,unknown,unknown,True,,,,-0.003,-0.82,,,,
63,1608,PSZ2_G343.92+22.67,235.35211280000001,-26.36688965,15:41:25,-26:22:01,False,,,6.2051,1193,-1,,-1,T,PSZ1_G343.90+22.66,,,,,unknown,unknown,False,,-0.0043,-0.69,-0.0018,-0.28,1193.0,1608.0,6.205,4.863
64,72,PSZ2_G022.03+17.75,262.1523015,-1.21755335,17:28:37,-1:13:03,False,,,6.2004,56,-1,,-1,F,PSZ1_G021.88+17.75,12-Jul-16,,24-Feb-16,,unknown,unknown,True,,0.0191,2.0,-0.0074,-1.38,56.0,72.0,6.2,5.6370000000000005
65,880,PSZ2_G191.82-26.64,69.65383118,4.700734496,4:38:37,+04:42:02.64,False,,,6.172000000000001,646,-1,,-1,T,PSZ1_G191.78-26.64,,,24-Feb-16,,unknown,unknown,True,,-0.0044,-1.31,-0.0039,-1.13,646.0,880.0,6.172000000000001,4.758
66,717,PSZ2_G146.88+17.13,83.541164,65.72063358,5:34:10,+65:43:14.28,False,,,6.1331,-1,-1,,-1,T,,,,24-Feb-16,,unknown,unknown,True,,,,0.006999999999999999,1.27,,,,
67,1583,PSZ2_G338.52+22.97,230.7418915,-29.2306816,15:22:58,-29:13:50,False,,,6.1074,-1,-1,,-1,T,,15-Apr-16,,,,unknown,unknown,False,,,,-0.0113,-2.85,,,,
68,1574,PSZ2_G337.23-12.59,265.3503124,-54.78109267,17:41:24,-54:46:52,False,,,6.082000000000001,1169,-1,,-1,F,PSZ1_G337.21-12.59,12-Jun-16,,,,unknown,unknown,False,,0.0633,2.48,0.0476,2.06,1169.0,1574.0,6.082000000000001,5.11
69,1581,PSZ2_G338.21+23.46,230.14490469999998,-29.00079718,15:20:35,-29:00:03,False,,,6.079,1175,-1,,-1,T,PSZ1_G338.21+23.46,26-Apr-16,,,,unknown,unknown,False,,0.0004,0.06,0.0014,0.21,1175.0,1581.0,6.079,4.821000000000001
70,1090,PSZ2_G241.41-65.88,39.26295161,-36.13011051,2:37:03,-36:07:48,False,,,6.0733,-1,-1,,-1,T,,,,,,unknown,unknown,True,,,,-0.0029,-0.99,,,,
71,1580,PSZ2_G338.04+23.65,229.88005,-28.94048581,15:19:31,-28:56:26,False,,,6.0595,-1,-1,,-1,T,,3-Apr-16,,,,unknown,unknown,False,,,,-0.0083,-1.73,,,,
72,423,PSZ2_G093.04-32.38,345.42758910000003,24.04025164,23:01:43,+24:02:24.90,True,http://skyserver.sdss.org/dr13/en/tools/chart/navi.aspx?ra=345.427589&dec=24.040252&opt=S,MADE,6.0318,320,-1,,-1,T,PSZ1_G093.04-32.38,26-Oct-14,,4-Nov-14,,unknown,unknown,True,,0.002,0.42,0.002,0.42,320.0,423.0,6.032,5.693
73,1578,PSZ2_G337.95+22.70,230.43988619999996,-29.75485362,15:21:46,-29:45:17,False,,,6.0316,-1,-1,,-1,T,,30-Apr-16,,,,unknown,unknown,False,,,,0.0154,1.69,,,,
74,1415,PSZ2_G299.54+17.83,188.3017751,-44.91854436,12:33:12,-44:55:07,False,,,6.0212,-1,-1,,-1,F,,,,,,unknown,unknown,False,,,,0.0384,3.27,,,,
75,708,PSZ2_G145.25+50.84,163.3571656,60.86201372,10:53:26,+60:51:43.24,True,http://skyserver.sdss.org/dr13/en/tools/chart/navi.aspx?ra=163.357166&dec=60.862014&opt=S,MADE,5.9848,-1,-1,,-1,T,,,,23-Feb-16,,unknown,unknown,True,,,,0.0003,0.08,,,,
76,1204,PSZ2_G261.67-10.97,117.3343113,-48.04210914,7:49:20,-48:02:32,False,,,5.8844,895,-1,,-1,F,PSZ1_G261.65-10.98,1-Nov-14,,,,unknown,unknown,False,RASS BCS,0.0734,5.57,0.0723,5.57,895.0,1204.0,5.8839999999999995,4.904
77,1548,PSZ2_G328.96+71.97,200.8032917,10.72822197,13:23:13,+10:43:41.59,True,http://skyserver.sdss.org/dr13/en/tools/chart/navi.aspx?ra=200.803292&dec=10.728222&opt=S,MADE,5.8516,-1,-1,,-1,F,,,,23-Feb-16,,unknown,unknown,True,,,,-0.0017,-0.23,,,,
78,1399,PSZ2_G295.61-17.50,156.2505744,-78.24315335,10:25:00,-78:14:35,False,,,5.8487,-1,-1,,-1,T,,,,,,unknown,unknown,False,,,,-0.0047,-2.32,,,,
79,1374,PSZ2_G292.77-23.80,120.54934569999999,-80.24785835,8:02:12,-80:14:52,False,,,5.8463,1022,-1,,-1,F,PSZ1_G292.75-23.79,30-Jan-14,,,,unknown,unknown,False,,-0.0069,-1.47,-0.0039,-0.71,1022.0,1374.0,5.846,5.388
80,813,PSZ2_G171.79-42.08,47.16611117,7.409158209,3:08:40,+07:24:32.96,False,,,5.8420000000000005,-1,-1,,-1,T,,,,24-Feb-16,,unknown,unknown,True,,,,-0.0003,-0.1,,,,
81,1325,PSZ2_G285.18+16.11,169.0743325,-43.45278129,11:16:18,-43:27:10,False,,,5.8403,-1,-1,,-1,F,,,,,,unknown,unknown,False,,,,0.053,3.24,,,,
82,269,PSZ2_G065.35-08.01,306.5168037,24.13520041,20:26:04,+24:08:06.72,False,,,5.8294,-1,-1,,-1,F,,15-Jun-16,,,,unknown,unknown,True,,,,-0.0029,-0.8,,,,
83,1221,PSZ2_G264.52-17.77,109.4666369,-53.45183145,7:17:52,-53:27:07,False,,,5.8259,911,-1,,-1,F,PSZ1_G264.49-17.77,1-Nov-14,,,,unknown,unknown,False,,0.0057,1.0,0.0032,0.62,911.0,1221.0,5.8260000000000005,5.041
84,415,PSZ2_G092.11-33.73,345.4059019,22.483254199999998,23:01:37,+22:28:59.71,True,http://skyserver.sdss.org/dr13/en/tools/chart/navi.aspx?ra=345.405902&dec=22.483254&opt=S,MADE,5.8142,-1,-1,,-1,T,,,,,,unknown,unknown,True,,,,0.0009,0.22,,,,
85,1543,PSZ2_G327.66-54.26,345.907593,-57.38018753,23:03:38,-57:22:49,False,,,5.8107,-1,-1,,-1,F,,7-Jun-16,,,,unknown,unknown,False,,,,0.0024,0.45,,,,
86,608,PSZ2_G123.84+25.75,43.87500096,88.40053224,2:55:30,+88:24:01.91,False,,,5.8069,453,-1,,-1,F,PSZ1_G123.79+25.86,,,22-Feb-16,,unknown,unknown,True,,0.0001,0.03,-0.0037,-1.47,453.0,608.0,5.807,5.041
87,447,PSZ2_G096.43-20.89,342.0362292,35.55596568,22:48:09,+35:33:21.47,False,,,5.8051,-1,-1,,-1,F,,15-Jun-16,,,,unknown,unknown,True,,,,0.0528,4.99,,,,
88,820,PSZ2_G173.76+22.92,109.3682496,44.05767236,7:17:28,+44:03:27.62,False,,,5.8035,-1,-1,,-1,F,,,,22-Feb-16,,unknown,unknown,True,,,,0.1005,4.66,,,,
89,1382,PSZ2_G293.63+08.25,177.27863190000002,-53.48895928,11:49:07,-53:29:20,False,,,5.7979,1027,-1,,-1,T,PSZ1_G293.66+08.25,,,,,unknown,unknown,False,,0.0057,0.7,-0.0028,-0.47,1027.0,1382.0,5.797999999999999,5.061
90,1582,PSZ2_G338.25+22.60,230.761883,-29.68049547,15:23:03,-29:40:50,False,,,5.7929,1176,-1,,-1,F,PSZ1_G338.27+22.60,,,,,unknown,unknown,False,,0.0003,0.04,-0.0004,-0.05,1176.0,1582.0,5.792999999999999,6.6339999999999995
91,1498,PSZ2_G317.79+26.63,208.9920333,-34.36697496,13:55:58,-34:22:01,False,,,5.7615,-1,-1,,-1,F,,,,,,unknown,unknown,False,,,,0.0578,3.68,,,,
92,1281,PSZ2_G275.73-06.12,137.0151795,-56.69510198,9:08:04,-56:41:42,False,,,5.7529,955,-1,,-1,F,PSZ1_G275.74-06.11,,,,,unknown,unknown,False,,-0.0014,-0.24,0.0012,0.18,955.0,1281.0,5.752999999999999,4.87
93,104,PSZ2_G029.66-47.63,326.4342608,-21.780224,21:45:44,-21:46:49,False,,,5.7447,-1,-1,,-1,F,,,,,,unknown,unknown,True,,,,0.0052,0.79,,,,
94,194,PSZ2_G048.47+34.86,255.53505099999998,27.14668094,17:02:08,+27:08:48.05,True,http://skyserver.sdss.org/dr13/en/tools/chart/navi.aspx?ra=255.535051&dec=27.146681&opt=S,MADE,5.7414,-1,-1,,-1,F,,13-Jun-16,,22-Feb-16,,unknown,unknown,True,,,,0.0062,1.28,,,,
95,319,PSZ2_G075.08+19.83,281.69914769999997,45.77591094,18:46:48,+45:46:33.27,False,,,5.7379999999999995,-1,-1,,-1,F,,15-Jun-16,,,,unknown,unknown,True,,,,0.0264,4.47,,,,
96,1523,PSZ2_G323.70-25.45,282.4323869,-71.32477362,18:49:44,-71:19:29,False,,,5.7379,-1,-1,,-1,T,,,,,,unknown,unknown,False,,,,-0.0074,-0.74,,,,
97,542,PSZ2_G112.07-39.86,3.87297977,22.24541893,0:15:30,+22:14:43.50,True,http://skyserver.sdss.org/dr13/en/tools/chart/navi.aspx?ra=3.872980&dec=22.245419&opt=S,MADE,5.7201,-1,-1,,-1,T,,,,,,unknown,unknown,True,,,,-0.0026,-0.8,,,,
98,1441,PSZ2_G305.76+44.79,194.97675980000002,-18.03301376,12:59:54,-18:01:59,False,,,5.7171,1070,-1,,-1,F,PSZ1_G305.77+44.80,,,24-Feb-16,,unknown,unknown,False,,0.0146,1.5,0.0186,1.79,1070.0,1441.0,5.7170000000000005,4.717
99,400,PSZ2_G089.06-11.79,328.2214948,39.06458425,21:52:53,+39:03:52.50,False,,,5.7164,-1,-1,,-1,F,,,,,,unknown,unknown,True,,,,0.0136,2.23,,,,
100,889,PSZ2_G194.68-49.76,51.341721899999996,-9.68045472,3:25:22,-9:40:50,False,,,5.7116,651,-1,,-1,F,PSZ1_G194.68-49.73,,,,,unknown,unknown,True,,-0.0003,-0.07,-0.0058,-2.05,651.0,889.0,5.712000000000001,4.997
101,512,PSZ2_G106.11+24.11,290.3513156,74.55607672,19:21:24,+74:33:21.87,False,,,5.7025,-1,-1,,-1,F,,,,,,unknown,unknown,True,,,,0.0552,8.94,,,,
102,111,PSZ2_G031.41-19.16,299.41897630000005,-9.898972405,19:57:41,-9:53:56,True,http://skyserver.sdss.org/dr13/en/tools/chart/navi.aspx?ra=299.418976&dec=-9.898972&opt=S,MADE,5.6941,85,-1,,-1,F,PSZ1_G031.44-19.16,,,,,unknown,unknown,True,,-0.0086,-2.25,-0.0054,-1.03,85.0,111.0,5.694,4.602
103,127,PSZ2_G036.69-15.67,298.5192033,-3.839686008,19:54:05,-3:50:23,False,,,5.6927,-1,-1,,-1,T,,,,,,unknown,unknown,True,,,,-0.0044,-0.99,,,,
104,483,PSZ2_G100.22+33.81,258.4192833,69.37342564,17:13:41,+69:22:24.33,True,http://skyserver.sdss.org/dr13/en/tools/chart/navi.aspx?ra=258.419283&dec=69.373426&opt=S,MADE,5.6879,-1,-1,,-1,F,,,,,,unknown,unknown,True,,,,0.0075,3.32,,,,
105,1521,PSZ2_G323.31+27.37,214.27060260000002,-32.08272668,14:17:05,-32:04:58,False,,,5.6779,1131,-1,,-1,F,PSZ1_G323.34+27.37,,,,,unknown,unknown,False,,0.0124,1.36,0.0151,1.58,1131.0,1521.0,5.678,4.587
106,1283,PSZ2_G276.14-07.68,135.34780800000001,-58.0304453,9:01:23,-58:01:50,False,,,5.652,-1,-1,,-1,F,,,,,,unknown,unknown,False,,,,0.043,3.4,,,,
107,1276,PSZ2_G274.73-16.79,118.61295559999999,-61.960043799999994,7:54:27,-61:57:36,False,,,5.6486,-1,-1,,-1,F,,,,,,unknown,unknown,False,,,,0.0221,2.92,,,,
108,1607,PSZ2_G343.68+24.10,234.143467,-25.41468582,15:36:34,-25:24:53,False,,,5.6439,-1,-1,,-1,T,,,,,,unknown,unknown,False,,,,0.0179,1.94,,,,
109,172,PSZ2_G045.50-08.62,296.3535003,7.0747460470000005,19:45:25,+07:04:29.08,False,,,5.6326,132,-1,,-1,F,PSZ1_G045.44-08.73,,,,,unknown,unknown,True,,-0.0002,-0.03,0.0037,0.52,132.0,172.0,5.632999999999999,4.565
110,788,PSZ2_G165.39+09.22,86.99384924,46.14423599,5:47:59,+46:08:39.24,True,http://skyserver.sdss.org/dr13/en/tools/chart/navi.aspx?ra=86.993849&dec=46.144236&opt=S,MADE,5.5998,-1,-1,,-1,F,,,,,,unknown,unknown,True,,,,0.0002,0.06,,,,
111,1058,PSZ2_G233.12-26.25,86.16379564,-28.50306434,5:44:39,-28:30:11,False,,,5.5962,-1,-1,,-1,F,,,,,,unknown,unknown,True,,,,0.0004,0.08,,,,
112,1368,PSZ2_G292.04+22.91,179.9441091,-38.86094288,11:59:47,-38:51:39,False,,,5.5945,-1,-1,,-1,F,,,,,,unknown,unknown,False,,,,0.0471,2.44,,,,
113,593,PSZ2_G120.76+44.14,198.161655,72.88985312,13:12:39,+72:53:23.47,False,,,5.5857,-1,-1,,-1,F,,,,24-Feb-16,,unknown,unknown,True,,,,0.0272,3.73,,,,
114,1544,PSZ2_G328.05+15.79,225.4370484,-40.6348407,15:01:45,-40:38:05,False,,,5.5805,-1,-1,,-1,T,,,,,,unknown,unknown,False,,,,0.1368,6.06,,,,
115,351,PSZ2_G081.60+18.47,286.76278510000003,51.11261566,19:07:03,+51:06:45.41,False,,,5.577000000000001,-1,-1,,-1,F,,,,,,unknown,unknown,True,,,,0.0016,0.43,,,,
116,75,PSZ2_G023.05+20.52,260.19544049999996,0.96849719,17:20:47,+00:58:06.58,True,http://skyserver.sdss.org/dr13/en/tools/chart/navi.aspx?ra=260.195441&dec=0.968497&opt=S,MADE,5.5741,-1,-1,,-1,T,,,,,,unknown,unknown,False,,,,-0.0081,-1.37,,,,
117,1151,PSZ2_G252.45+73.44,179.6442305,16.00510668,11:58:35,+16:00:18.38,True,http://skyserver.sdss.org/dr13/en/tools/chart/navi.aspx?ra=179.644230&dec=16.005107&opt=S,MADE,5.5683,-1,-1,,-1,T,,,,24-Feb-16,,unknown,unknown,True,,,,0.005,0.98,,,,
118,1473,PSZ2_G312.48-28.86,296.69171789999996,-81.38692037,19:46:46,-81:23:13,False,,,5.5613,1098,-1,,-1,F,PSZ1_G312.49-28.84,,,,,unknown,unknown,False,,0.0046,0.65,0.0084,1.07,1098.0,1473.0,5.561,5.027
119,1439,PSZ2_G305.55-42.77,5.7782256279999995,-74.20635064,0:23:07,-74:12:23,False,,,5.5563,1068,-1,,-1,T,PSZ1_G305.55-42.77,,,,,unknown,unknown,False,,-0.0009,-0.26,-0.0009,-0.26,1068.0,1439.0,5.556,4.664
120,158,PSZ2_G043.44-41.27,324.18361150000004,-10.29661659,21:36:44,-10:17:48,False,,,5.5525,-1,-1,,-1,F,,,,,,unknown,unknown,True,,,,0.0414,3.55,,,,
121,477,PSZ2_G099.62+14.86,307.6361682,65.09358741,20:30:33,+65:05:36.91,False,,,5.5444,356,-1,,-1,F,PSZ1_G099.63+14.85,,,,,unknown,unknown,True,,-0.0018,-1.01,-0.0013,-0.66,356.0,477.0,5.544,4.716
122,418,PSZ2_G092.34+14.22,301.0280606,58.72759377,20:04:07,+58:43:39.33,False,,,5.5408,-1,-1,,-1,T,,,,,,unknown,unknown,True,,,,0.0071,2.01,,,,
123,1128,PSZ2_G248.95-20.71,98.02241068,-40.60866213,6:32:05,-40:36:31,False,,,5.5313,-1,-1,,-1,F,,,,,,unknown,unknown,False,,,,0.0053,0.98,,,,
124,609,PSZ2_G124.11+25.02,40.01225671,87.64409172,2:40:03,+87:38:38.73,False,,,5.5289,-1,-1,,-1,T,,,,,,unknown,unknown,True,,,,-0.0058,-3.25,,,,
125,410,PSZ2_G091.27-38.62,347.3346166,17.8952747,23:09:20,+17:53:42.98,True,http://skyserver.sdss.org/dr13/en/tools/chart/navi.aspx?ra=347.334617&dec=17.895275&opt=S,MADE,5.5239,310,-1,,-1,T,PSZ1_G091.14-38.73,,,,,unknown,unknown,True,,0.0003,0.06,0.0025,0.52,310.0,410.0,5.524,4.7860000000000005
126,974,PSZ2_G216.25+10.10,113.3567643,1.676746698,7:33:26,+01:40:36.28,False,,,5.5183,713,-1,,-1,T,PSZ1_G216.27+10.10,,,,,unknown,unknown,True,,0.0028,0.58,-0.002,-0.58,713.0,974.0,5.518,5.157
127,674,PSZ2_G137.51-09.98,35.69151286,50.28438373,2:22:46,+50:17:03.78,False,,,5.5106,496,-1,,-1,T,PSZ1_G137.51-10.01,,,,,unknown,unknown,True,,-0.0086,-3.71,-0.0075,-2.65,496.0,674.0,5.511,5.329
128,462,PSZ2_G098.38+77.22,199.6058535,38.58526291,13:18:25,+38:35:06.94,True,http://skyserver.sdss.org/dr13/en/tools/chart/navi.aspx?ra=199.605853&dec=38.585263&opt=S,MADE,5.5099,346,-1,,-1,F,PSZ1_G098.42+77.25,,,,,unknown,unknown,True,,0.0011,0.27,-0.0023,-0.75,346.0,462.0,5.51,4.7139999999999995
129,1255,PSZ2_G270.88+37.23,166.3311528,-18.94861016,11:05:19,-18:56:55,True,http://skyserver.sdss.org/dr13/en/tools/chart/navi.aspx?ra=166.331153&dec=-18.948610&opt=S,MADE,5.4886,-1,-1,,-1,F,,,,,,unknown,unknown,True,,,,0.0138,1.64,,,,
130,1117,PSZ2_G246.45-07.68,111.8392777,-33.23104447,7:27:21,-33:13:52,False,,,5.4876,-1,-1,,-1,F,,,,,,unknown,unknown,True,,,,0.0163,2.02,,,,
131,114,PSZ2_G032.13-44.36,323.69212539999995,-19.13069331,21:34:46,-19:07:50,False,,,5.486000000000001,-1,-1,,-1,T,,,,,,unknown,unknown,True,,,,0.0032,0.55,,,,
132,1338,PSZ2_G286.66-23.93,111.53317870000001,-74.98666566,7:26:08,-74:59:12,False,,,5.4639999999999995,995,-1,,-1,F,PSZ1_G286.63-23.93,,,,,unknown,unknown,False,,0.0402,4.7,0.0481,5.24,995.0,1338.0,5.4639999999999995,4.596
133,575,PSZ2_G117.38-52.47,9.426704235,10.24853628,0:37:42,+10:14:54.73,True,http://skyserver.sdss.org/dr13/en/tools/chart/navi.aspx?ra=9.426704&dec=10.248536&opt=S,MADE,5.4583,-1,-1,,-1,F,,,,,,unknown,unknown,True,,,,-0.0036,-1.31,,,,
134,1238,PSZ2_G267.55+09.14,144.5156939,-40.08815106,9:38:04,-40:05:17,False,,,5.4366,-1,-1,,-1,T,,,,,,unknown,unknown,False,,,,-0.0084,-3.71,,,,
135,1509,PSZ2_G319.64-65.11,1.87840711,-50.559975099999996,0:07:31,-50:33:36,False,,,5.4331,-1,-1,,-1,F,,,,,,unknown,unknown,False,,,,0.0085,0.64,,,,
136,107,PSZ2_G030.27-16.94,296.91301939999994,-9.928212461000001,19:47:39,-9:55:42,False,,,5.4302,79,-1,,-1,F,PSZ1_G030.21-16.91,,,,,unknown,unknown,True,,-0.0032,-0.46,0.0025,0.29,79.0,107.0,5.43,5.337999999999999
137,858,PSZ2_G185.50-33.94,60.50594718,4.902967737,4:02:01,+04:54:10.68,False,,,5.4254,625,-1,,-1,F,PSZ1_G185.53-33.97,,,,,unknown,unknown,True,,0.0015,0.35,-0.0019,-0.61,625.0,858.0,5.425,4.9830000000000005
138,1250,PSZ2_G270.07-20.02,109.02926529999999,-59.15836923,7:16:07,-59:09:30,False,,,5.4239999999999995,-1,-1,,-1,F,,,,,,unknown,unknown,False,,,,0.0164,3.63,,,,
139,382,PSZ2_G086.35-13.94,327.4345076,35.71041542,21:49:44,+35:42:37.49,False,,,5.4227,-1,-1,,-1,F,,,,,,unknown,unknown,True,,,,0.0116,2.06,,,,
140,516,PSZ2_G106.48-10.42,347.63699710000003,49.19549444,23:10:33,+49:11:43.77,False,,,5.4093,385,-1,,-1,F,PSZ1_G106.49-10.43,,,,,unknown,unknown,True,,-0.0003,-0.07,-0.0005,-0.12,385.0,516.0,5.409,5.398
141,613,PSZ2_G125.25+33.33,175.51362269999998,83.47784195,11:42:03,+83:28:40.23,False,,,5.3839999999999995,-1,-1,,-1,F,,,,,,unknown,unknown,True,,,,0.0335,3.88,,,,
142,545,PSZ2_G112.54+59.53,202.4759113,56.81234932,13:29:54,+56:48:44.45,True,http://skyserver.sdss.org/dr13/en/tools/chart/navi.aspx?ra=202.475911&dec=56.812349&opt=S,MADE,5.3734,-1,-1,,-1,T,,,,,,unknown,unknown,True,,,,0.0002,0.04,,,,
143,1295,PSZ2_G278.87+16.70,162.0431383,-40.33588231,10:48:10,-40:20:09,False,,,5.3732,-1,-1,,-1,F,,,,,,unknown,unknown,False,,,,0.0107,1.39,,,,
144,646,PSZ2_G131.15-14.72,24.64388706,47.3943104,1:38:35,+47:23:39.51,True,http://skyserver.sdss.org/dr13/en/tools/chart/navi.aspx?ra=24.643887&dec=47.394310&opt=S,MADE,5.3709,-1,-1,,-1,F,,,,,,unknown,unknown,True,,,,0.0451,2.67,,,,
145,125,PSZ2_G036.09-17.43,299.82633389999995,-5.148347537,19:59:18,-5:08:54,False,,,5.3704,99,-1,,-1,T,PSZ1_G036.09-17.40,,,,,unknown,unknown,True,,0.0054,0.68,0.0015,0.23,99.0,125.0,5.37,5.349
146,1122,PSZ2_G247.14+25.88,142.62827980000003,-14.54775475,9:30:31,-14:32:52,False,,,5.3698,-1,-1,,-1,F,,,,,,unknown,unknown,True,,,,0.0578,4.53,,,,
147,1074,PSZ2_G237.68+57.83,163.3788293,10.81583035,10:53:31,+10:48:56.98,True,http://skyserver.sdss.org/dr13/en/tools/chart/navi.aspx?ra=163.378829&dec=10.815830&opt=S,MADE,5.3631,-1,-1,,-1,F,,,,,,unknown,unknown,True,,,,-0.0034,-0.64,,,,
148,611,PSZ2_G124.56+25.38,53.13064643,87.72211353,3:32:31,+87:43:19.60,False,,,5.3567,455,-1,,-1,F,PSZ1_G124.56+25.38,,,,,unknown,unknown,True,,-0.0016,-0.51,-0.0016,-0.51,455.0,611.0,5.357,4.76
149,560,PSZ2_G114.98+19.10,328.89916519999997,79.15333146,21:55:36,+79:09:11.99,False,,,5.3534,421,-1,,-1,F,PSZ1_G114.98+19.10,,,,,unknown,unknown,True,,0.003,1.11,0.003,1.11,421.0,560.0,5.353,5.185
150,1524,PSZ2_G323.77-33.80,308.3535893,-70.87823593,20:33:25,-70:52:42,False,,,5.3524,-1,-1,,-1,F,,,,,,unknown,unknown,False,,,,0.0051,0.44,,,,
151,31,PSZ2_G008.70-31.44,304.2413269,-33.32638003,20:16:58,-33:19:35,False,,,5.3429,-1,-1,,-1,T,,,,,,unknown,unknown,True,,,,0.0022,0.34,,,,
152,353,PSZ2_G082.06+27.23,273.041291,53.81167662,18:12:10,+53:48:42.03,False,,,5.3297,-1,-1,,-1,F,,,,,,unknown,unknown,True,,,,0.0003,0.15,,,,
153,1452,PSZ2_G307.23+16.35,198.8398574,-46.31619491,13:15:22,-46:18:58,False,,,5.3268,-1,-1,,-1,F,,,,,,unknown,unknown,False,,,,-0.0078,-2.27,,,,
154,444,PSZ2_G095.75-11.16,334.70276789999997,43.51336706,22:18:49,+43:30:48.12,False,,,5.3254,-1,-1,,-1,T,,,,,,unknown,unknown,True,,,,-0.003,-1.32,,,,
155,1362,PSZ2_G289.50-47.49,36.61013692,-67.08190537,2:26:26,-67:04:55,False,,,5.303999999999999,-1,-1,,-1,F,,,,,,unknown,unknown,False,,,,0.0678,4.7,,,,
156,620,PSZ2_G125.84-18.72,16.69655665,44.0575128,1:06:47,+44:03:27.04,True,http://skyserver.sdss.org/dr13/en/tools/chart/navi.aspx?ra=16.696557&dec=44.057513&opt=S,MADE,5.3009,-1,-1,,-1,F,,,,,,unknown,unknown,True,,,,0.0312,3.1,,,,
157,591,PSZ2_G120.36+26.03,307.75755530000004,87.45830440000002,20:31:02,+87:27:29.89,False,,,5.2959,-1,-1,,-1,T,,,,,,unknown,unknown,True,,,,0.0014,0.45,,,,
158,1401,PSZ2_G295.92-39.39,36.5377538,-76.41945673,2:26:09,-76:25:10,False,,,5.2926,-1,-1,,-1,F,,,,,,unknown,unknown,False,,,,-0.001,-0.28,,,,
159,1437,PSZ2_G305.14-33.60,357.01835310000007,-83.24628306,23:48:04,-83:14:47,False,,,5.2902,1067,-1,,-1,T,PSZ1_G305.31-33.57,,,,,unknown,unknown,False,,-0.0034,-0.5,-0.003,-0.5,1067.0,1437.0,5.29,4.703
160,44,PSZ2_G013.06-75.46,356.85261339999994,-31.15086243,23:47:25,-31:09:03,False,,,5.2889,-1,-1,,-1,F,,,,,,unknown,unknown,True,,,,0.0301,2.7,,,,
161,1468,PSZ2_G311.33-48.50,358.1152046,-67.64845683,23:52:28,-67:38:54,False,,,5.2805,-1,-1,,-1,F,,,,,,unknown,unknown,False,,,,0.0223,2.57,,,,
162,1258,PSZ2_G271.04-12.16,123.15614850000001,-56.59930233,8:12:37,-56:35:57,False,,,5.2764,-1,-1,,-1,F,,,,,,unknown,unknown,False,,,,0.0194,3.34,,,,
163,1440,PSZ2_G305.59-54.80,9.557751491,-62.25462107,0:38:14,-62:15:17,False,,,5.2612,-1,-1,,-1,F,,,,,,unknown,unknown,False,,,,0.0214,1.54,,,,
164,1087,PSZ2_G240.71-74.03,29.83484005,-33.53952825,1:59:20,-33:32:22,False,,,5.2565,-1,-1,,-1,F,,,,,,unknown,unknown,True,,,,0.0208,2.35,,,,
165,1515,PSZ2_G322.44+20.29,216.61786349999997,-38.95115902,14:26:28,-38:57:04,False,,,5.2562,-1,-1,,-1,F,,,,,,unknown,unknown,False,,,,0.0894,6.25,,,,
166,1167,PSZ2_G254.52+08.27,132.87665149999998,-31.26454559,8:51:30,-31:15:52,False,,,5.2365,872,-1,,-1,F,PSZ1_G254.52+08.27,1-Nov-14,,,,unknown,unknown,True,,0.0227,2.77,0.0227,2.77,872.0,1167.0,5.237,4.827
167,180,PSZ2_G046.36-06.83,295.1839418,8.686048414,19:40:44,+08:41:09.77,False,,,5.236000000000001,139,-1,,-1,F,PSZ1_G046.35-06.83,,,,,unknown,unknown,True,,0.0026,0.51,0.0003,0.06,139.0,180.0,5.236000000000001,4.795
168,90,PSZ2_G027.39+15.39,266.6611649,2.191050649,17:46:39,+02:11:27.78,False,,,5.2282,-1,-1,,-1,F,,,,,,unknown,unknown,True,,,,-0.0114,-2.22,,,,
169,1405,PSZ2_G296.88-17.07,162.54931399999998,-78.49845738,10:50:12,-78:29:54,False,,,5.2203,-1,-1,,-1,T,,,,,,unknown,unknown,False,,,,0.0018,0.51,,,,
170,863,PSZ2_G186.50-13.45,77.95232903,16.20588374,5:11:49,+16:12:21.18,True,http://skyserver.sdss.org/dr13/en/tools/chart/navi.aspx?ra=77.952329&dec=16.205884&opt=S,MADE,5.2192,-1,-1,,-1,F,,,,,,unknown,unknown,True,,,,0.0255,2.61,,,,
171,48,PSZ2_G014.72-62.49,341.6334404,-32.20111554,22:46:32,-32:12:04,False,,,5.2131,37,-1,,-1,F,PSZ1_G014.76-62.53,,,,,unknown,unknown,True,,-0.002,-0.38,0.0053,0.73,37.0,48.0,5.212999999999999,4.58
172,50,PSZ2_G017.25-70.71,351.16888470000004,-30.65106966,23:24:41,-30:39:04,False,,,5.1947,-1,-1,,-1,F,,,,,,unknown,unknown,True,,,,-0.0019,-0.22,,,,
173,1262,PSZ2_G271.53+36.41,166.3724522,-19.91876072,11:05:29,-19:55:08,True,http://skyserver.sdss.org/dr13/en/tools/chart/navi.aspx?ra=166.372452&dec=-19.918761&opt=S,MADE,5.1926,-1,-1,,-1,F,,,,,,unknown,unknown,True,,,,0.0128,1.68,,,,
174,1360,PSZ2_G289.30-28.95,91.06886949,-77.84458975,6:04:17,-77:50:41,False,,,5.1903,1015,-1,,-1,F,PSZ1_G289.30-28.95,1-Nov-14,,,,unknown,unknown,False,,0.0369,5.22,0.0343,4.99,1015.0,1360.0,5.19,4.913
175,1408,PSZ2_G297.31-34.68,43.99114397,-81.03915775,2:55:58,-81:02:21,False,,,5.1883,1044,-1,,-1,T,PSZ1_G297.34-34.70,,,,,unknown,unknown,False,,-0.0062,-1.85,-0.0057,-1.7,1044.0,1408.0,5.188,4.546
176,1217,PSZ2_G263.65+27.87,155.3216307,-23.31487782,10:21:17,-23:18:54,False,,,5.187,-1,-1,,-1,F,,,,,,unknown,unknown,True,,,,0.0235,2.57,,,,
177,584,PSZ2_G118.79+47.50,200.80333230000002,69.36349802,13:23:13,+69:21:48.59,False,,,5.1863,-1,-1,,-1,F,,,,,,unknown,unknown,True,,,,0.0049,1.05,,,,
178,1449,PSZ2_G306.62-41.25,1.6583113630000001,-75.54724131,0:06:38,-75:32:50,False,,,5.1856,1077,-1,,-1,F,PSZ1_G306.61-41.25,1-Nov-14,,,,unknown,unknown,False,,-0.001,-0.14,-0.0004,-0.07,1077.0,1449.0,5.186,4.987
179,1493,PSZ2_G316.43+54.02,200.819439,-8.013027655,13:23:17,-8:00:47,False,,,5.1838,-1,-1,,-1,F,,,,,,unknown,unknown,False,,,,0.0237,2.08,,,,
180,859,PSZ2_G185.68+09.82,99.33896302,28.64061544,6:37:21,+28:38:26.21,False,,,5.1836,-1,-1,,-1,F,,,,,,unknown,unknown,True,,,,0.0272,2.9,,,,
181,1495,PSZ2_G316.89-32.24,309.09554469999995,-76.8455865,20:36:23,-76:50:44,False,,,5.1829,-1,-1,,-1,F,,,,,,unknown,unknown,False,,,,0.0262,1.2,,,,
182,1297,PSZ2_G278.92+31.06,169.73761069999998,-27.45781124,11:18:57,-27:27:28,False,,,5.1782,-1,-1,,-1,F,,,,,,unknown,unknown,False,,,,0.0482,3.6,,,,
183,1083,PSZ2_G240.03-19.81,95.63187235,-32.41789898,6:22:32,-32:25:04,False,,,5.1741,-1,-1,,-1,F,,,,,,unknown,unknown,True,,,,0.0218,2.81,,,,
184,878,PSZ2_G191.57+58.88,157.41519330000003,33.90993599,10:29:40,+33:54:35.76,True,http://skyserver.sdss.org/dr13/en/tools/chart/navi.aspx?ra=157.415193&dec=33.909936&opt=S,MADE,5.1692,-1,-1,,-1,F,,,,,,unknown,unknown,True,,,,-0.0046,-2.04,,,,
185,840,PSZ2_G180.74-85.21,17.30791062,-24.51078702,1:09:14,-24:30:39,False,,,5.1676,-1,-1,,-1,F,,,,,,unknown,unknown,True,,,,0.0109,1.41,,,,
186,1230,PSZ2_G265.60-46.87,58.76154908,-54.74672968,3:55:03,-54:44:48,False,,,5.1664,918,-1,,-1,F,PSZ1_G265.64-46.87,1-Nov-14,,,,unknown,unknown,False,,-0.0091,-5.0,-0.0091,-4.94,918.0,1230.0,5.166,4.984
187,1640,PSZ2_G356.21-43.11,317.834006,-44.43442288,21:11:20,-44:26:04,False,,,5.1663,-1,-1,,-1,F,,,,,,unknown,unknown,False,,,,0.0298,2.78,,,,
188,217,PSZ2_G053.80+36.49,254.9007904,31.74318993,16:59:36,+31:44:35.48,True,http://skyserver.sdss.org/dr13/en/tools/chart/navi.aspx?ra=254.900790&dec=31.743190&opt=S,MADE,5.1628,-1,-1,,-1,F,,,,,,unknown,unknown,True,,,,0.0026,0.7,,,,
189,568,PSZ2_G116.05+20.00,329.9460709,80.49072174,21:59:47,+80:29:26.59,False,,,5.1623,-1,-1,,-1,F,,,,,,unknown,unknown,True,,,,-0.0043,-3.08,,,,
190,920,PSZ2_G203.32+08.91,106.5419128,12.55394855,7:06:10,+12:33:14.21,True,http://skyserver.sdss.org/dr13/en/tools/chart/navi.aspx?ra=106.541913&dec=12.553949&opt=S,MADE,5.1536,-1,-1,,-1,F,,,,,,unknown,unknown,True,,,,0.0284,3.09,,,,
191,1626,PSZ2_G349.18+38.66,227.97241129999998,-11.27847582,15:11:53,-11:16:43,False,,,5.1507,-1,-1,,-1,F,,,,,,unknown,unknown,False,,,,0.0508,2.58,,,,
192,295,PSZ2_G069.47-29.06,326.5036007,13.98760754,21:46:01,+13:59:15.38,True,http://skyserver.sdss.org/dr13/en/tools/chart/navi.aspx?ra=326.503601&dec=13.987608&opt=S,MADE,5.1432,-1,-1,,-1,F,,,,,,unknown,unknown,True,,,,0.0358,2.19,,,,
193,1065,PSZ2_G234.09+10.45,122.28976010000001,-13.48846982,8:09:10,-13:29:18,False,,,5.1408,786,-1,,-1,F,PSZ1_G234.12+10.45,,,,,unknown,unknown,True,,0.0256,2.34,0.0287,2.51,786.0,1065.0,5.141,4.611000000000001
194,115,PSZ2_G032.31+66.07,219.29791380000003,24.38923753,14:37:11,+24:23:21.25,True,http://skyserver.sdss.org/dr13/en/tools/chart/navi.aspx?ra=219.297914&dec=24.389238&opt=S,MADE,5.138,-1,-1,,-1,F,,,,,,unknown,unknown,False,,,,0.0174,2.4,,,,
195,574,PSZ2_G117.11+11.48,352.4867269,73.43335605,23:29:57,+73:26:00.08,True,http://skyserver.sdss.org/dr13/en/tools/chart/navi.aspx?ra=352.486727&dec=73.433356&opt=S,MADE,5.138,-1,-1,,-1,F,,,,,,unknown,unknown,True,,,,-0.0005,-0.15,,,,
196,1428,PSZ2_G303.75-32.86,6.018087747,-84.22069324,0:24:04,-84:13:14,False,,,5.1294,-1,-1,,-1,F,,,,,,unknown,unknown,False,,,,-0.0072,-1.36,,,,
197,1298,PSZ2_G278.94-17.62,121.09173,-65.93005193,8:04:22,-65:55:48,False,,,5.1281,963,-1,,-1,F,PSZ1_G278.94-17.62,,,,,unknown,unknown,False,,0.0172,3.27,0.0172,3.27,963.0,1298.0,5.127999999999999,4.633
198,1369,PSZ2_G292.22-43.33,38.23132622,-71.61953415,2:32:56,-71:37:10,False,,,5.1264,-1,-1,,-1,F,,,,,,unknown,unknown,False,,,,0.0066,0.77,,,,
199,5,PSZ2_G002.04-22.15,291.3596104,-36.51794355,19:25:26,-36:31:05,False,,,5.1256,-1,-1,,-1,F,,,,,,unknown,unknown,False,,,,0.0101,1.04,,,,
200,420,PSZ2_G092.64+20.78,289.1859218,61.68023622,19:16:45,+61:40:48.85,False,,,5.1219,-1,-1,,-1,F,,,,,,unknown,unknown,True,,,,0.0153,4.88,,,,
201,860,PSZ2_G185.72-32.23,61.9820324,5.791145179,4:07:56,+05:47:28.12,True,http://skyserver.sdss.org/dr13/en/tools/chart/navi.aspx?ra=61.982032&dec=5.791145&opt=S,MADE,5.1203,-1,-1,,-1,T,,,,,,unknown,unknown,True,,,,-0.0025,-0.74,,,,
202,1228,PSZ2_G265.35+08.06,141.49415080000003,-39.37614349,9:25:59,-39:22:34,False,,,5.1202,916,-1,,-1,F,PSZ1_G265.37+08.05,1-Nov-14,,,,unknown,unknown,False,,0.03,3.23,0.0258,2.92,916.0,1228.0,5.12,5.085
203,1416,PSZ2_G299.68-60.21,15.80680639,-56.84243414,1:03:14,-56:50:33,False,,,5.1168,-1,-1,,-1,F,,,,,,unknown,unknown,False,,,,-0.0044,-0.9,,,,
204,684,PSZ2_G139.72-17.13,34.98055515,42.83165961,2:19:55,+42:49:53.97,False,,,5.1164,-1,-1,,-1,F,,,,,,unknown,unknown,True,,,,0.0114,1.8,,,,
205,108,PSZ2_G030.70+09.44,273.4416566,2.331401525,18:13:46,+02:19:53.04,True,http://skyserver.sdss.org/dr13/en/tools/chart/navi.aspx?ra=273.441657&dec=2.331402&opt=S,MADE,5.1155,80,-1,,-1,F,PSZ1_G030.70+09.47,,,,,unknown,unknown,True,,0.0354,2.83,0.0473,3.44,80.0,108.0,5.1160000000000005,4.66
206,1289,PSZ2_G278.32-18.77,117.91695859999999,-65.90399666,7:51:40,-65:54:14,False,,,5.1145,-1,-1,,-1,T,,,,,,unknown,unknown,False,,,,0.0055,1.33,,,,
207,1643,PSZ2_G356.88-11.33,276.5105802,-37.09743422,18:26:03,-37:05:51,False,,,5.1058,-1,-1,,-1,F,,,,,,unknown,unknown,False,,,,0.8901,11.33,,,,
208,176,PSZ2_G045.96-26.94,312.5348829,-1.5905274880000002,20:50:08,-1:35:26,True,http://skyserver.sdss.org/dr13/en/tools/chart/navi.aspx?ra=312.534883&dec=-1.590527&opt=S,MADE,5.1041,-1,-1,,-1,F,,,,,,unknown,unknown,True,,,,-0.0015,-0.36,,,,
209,1386,PSZ2_G294.31-14.18,159.30395719999999,-74.76063843,10:37:13,-74:45:38,False,,,5.102,-1,-1,,-1,T,,,,,,unknown,unknown,False,,,,-0.0029,-1.17,,,,
210,1348,PSZ2_G287.55-14.25,141.68864409999998,-70.73151088,9:26:45,-70:43:53,False,,,5.1011,-1,-1,,-1,F,,,,,,unknown,unknown,False,,,,0.0268,3.15,,,,
211,714,PSZ2_G146.16-48.92,28.17903385,11.16701043,1:52:43,+11:10:01.23,True,http://skyserver.sdss.org/dr13/en/tools/chart/navi.aspx?ra=28.179034&dec=11.167010&opt=S,MADE,5.1006,-1,-1,,-1,F,,,,,,unknown,unknown,True,,,,0.0025,0.52,,,,
212,1326,PSZ2_G285.28-47.35,42.53801975,-65.49937594,2:50:09,-65:29:58,False,,,5.0999,-1,-1,,-1,F,,,,,,unknown,unknown,False,,,,0.027000000000000003,2.28,,,,
213,1288,PSZ2_G277.93+12.34,158.06735749999999,-43.66602469,10:32:16,-43:39:58,False,,,5.0917,-1,-1,,-1,T,,,,,,unknown,unknown,False,,,,0.0236,2.52,,,,
214,445,PSZ2_G096.10+12.46,307.8285784,60.91093159,20:31:19,+60:54:39.35,False,,,5.0875,-1,-1,,-1,F,,,,,,unknown,unknown,True,,,,-0.0002,-0.06,,,,
215,146,PSZ2_G040.11-42.58,324.27063210000006,-13.09633478,21:37:05,-13:05:47,False,,,5.0839,-1,-1,,-1,T,,,,,,unknown,unknown,True,,,,0.0364,1.43,,,,
216,484,PSZ2_G100.38+16.73,304.68105710000003,66.70298385,20:18:43,+66:42:10.74,False,,,5.0838,-1,-1,,-1,T,,,,16-Nov-15,,unknown,unknown,True,,,,-0.0012,-0.59,,,,
217,655,PSZ2_G134.26-44.28,21.35871815,17.83531311,1:25:26,+17:50:07.12,True,http://skyserver.sdss.org/dr13/en/tools/chart/navi.aspx?ra=21.358718&dec=17.835313&opt=S,MADE,5.082,-1,-1,,-1,F,,,,,,unknown,unknown,True,,,,0.0007,0.17,,,,
218,463,PSZ2_G098.39+57.68,215.56976009999997,54.90110049,14:22:17,+54:54:03.96,True,http://skyserver.sdss.org/dr13/en/tools/chart/navi.aspx?ra=215.569760&dec=54.901100&opt=S,MADE,5.0797,-1,-1,,-1,F,,,,,,unknown,unknown,True,,,,-0.0035,-1.4,,,,
219,1384,PSZ2_G293.92-17.26,150.84974780000002,-77.09838771,10:03:24,-77:05:54,False,,,5.0781,1028,-1,,-1,F,PSZ1_G293.92-17.26,,,,,unknown,unknown,False,,0.0091,1.42,0.0091,1.42,1028.0,1384.0,5.078,4.651
220,132,PSZ2_G037.25-16.27,299.29833199999996,-3.6387063019999997,19:57:12,-3:38:19,False,,,5.071000000000001,101,-1,,-1,F,PSZ1_G037.22-16.24,,,,,unknown,unknown,True,,-0.0047,-0.92,-0.0049,-1.0,101.0,132.0,5.071000000000001,5.015
221,1377,PSZ2_G293.09+43.20,185.28970969999997,-19.09063912,12:21:10,-19:05:26,False,,,5.0706,-1,-1,,-1,F,,,,,,unknown,unknown,False,,,,-0.0031,-0.68,,,,
222,1237,PSZ2_G267.30-46.19,59.12990677,-56.07925546,3:56:31,-56:04:45,False,,,5.0682,-1,-1,,-1,F,,,,,,unknown,unknown,False,,,,0.0024,0.6,,,,
223,746,PSZ2_G153.68+36.96,131.3865663,62.28670479,8:45:33,+62:17:12.13,True,http://skyserver.sdss.org/dr13/en/tools/chart/navi.aspx?ra=131.386566&dec=62.286705&opt=S,MADE,5.0674,-1,-1,,-1,F,,,,,,unknown,unknown,True,,,,0.0053,1.08,,,,
224,887,PSZ2_G193.90+09.41,102.79908979999999,21.148622399999997,6:51:12,+21:08:55.04,False,,,5.0611,-1,-1,,-1,F,,,,,,unknown,unknown,True,,,,0.0336,3.42,,,,
225,1549,PSZ2_G329.29+29.18,218.9841955,-28.28372436,14:35:56,-28:17:01,False,,,5.0577,-1,-1,,-1,F,,,,,,unknown,unknown,False,,,,0.006,0.65,,,,
226,538,PSZ2_G110.69-46.25,4.099172712,15.78512174,0:16:24,+15:47:06.43,True,http://skyserver.sdss.org/dr13/en/tools/chart/navi.aspx?ra=4.099173&dec=15.785122&opt=S,MADE,5.0481,-1,-1,,-1,F,,,,,,unknown,unknown,True,,,,0.0048,0.66,,,,
227,34,PSZ2_G009.04+31.09,244.5860131,-4.1892994230000005,16:18:21,-4:11:21,True,http://skyserver.sdss.org/dr13/en/tools/chart/navi.aspx?ra=244.586013&dec=-4.189299&opt=S,MADE,5.0428,-1,-1,,-1,F,,,,,,unknown,unknown,False,,,,0.042,3.7,,,,
228,1014,PSZ2_G225.76-17.35,92.57195205,-18.94492866,6:10:17,-18:56:42,False,,,5.0404,-1,-1,,-1,F,,,,,,unknown,unknown,True,,,,0.0483,4.88,,,,
229,243,PSZ2_G058.42-33.50,323.88232789999995,3.881770214,21:35:32,+03:52:54.37,True,http://skyserver.sdss.org/dr13/en/tools/chart/navi.aspx?ra=323.882328&dec=3.881770&opt=S,MADE,5.0389,192,-1,,-1,F,PSZ1_G058.45-33.47,,,,,unknown,unknown,True,,-0.0054,-1.48,-0.0006,-0.11,192.0,243.0,5.039,4.8260000000000005
230,59,PSZ2_G018.76-61.65,340.6369626,-30.31504626,22:42:33,-30:18:54,False,,,5.0381,-1,-1,,-1,F,,,,,,unknown,unknown,True,,,,0.0011,0.18,,,,
231,330,PSZ2_G077.67+30.59,266.7472334,50.47195463,17:46:59,+50:28:19.03,True,http://skyserver.sdss.org/dr13/en/tools/chart/navi.aspx?ra=266.747233&dec=50.471955&opt=S,MADE,5.0344,-1,-1,,-1,F,,,,,,unknown,unknown,True,,,,0.0054,1.76,,,,
232,1447,PSZ2_G306.23+11.92,197.973139,-50.8188756,13:11:54,-50:49:08,False,,,5.0278,1075,-1,,-1,F,PSZ1_G306.23+11.89,,,,,unknown,unknown,False,RASS BCS,0.0585,4.06,0.0366,3.1,1075.0,1447.0,5.0280000000000005,4.783
233,835,PSZ2_G179.33-22.22,66.37553435,16.4646611,4:25:30,+16:27:52.77,True,http://skyserver.sdss.org/dr13/en/tools/chart/navi.aspx?ra=66.375534&dec=16.464661&opt=S,MADE,5.0185,-1,-1,,-1,F,,,,,,unknown,unknown,True,,,,-0.0018,-0.49,,,,
234,1233,PSZ2_G266.50-25.31,97.65600437,-57.38551509,6:30:37,-57:23:08,False,,,5.0181,-1,-1,,-1,T,,,,,,unknown,unknown,False,,,,-0.0046,-2.64,,,,
235,1264,PSZ2_G271.55+26.00,160.560815,-28.88023534,10:42:15,-28:52:49,False,,,5.0151,-1,-1,,-1,F,,,,,,unknown,unknown,True,,,,0.0248,2.42,,,,
236,279,PSZ2_G066.59-58.51,346.85582410000006,-7.542316307999999,23:07:25,-7:32:32,True,http://skyserver.sdss.org/dr13/en/tools/chart/navi.aspx?ra=346.855824&dec=-7.542316&opt=S,MADE,5.0141,-1,-1,,-1,F,,,,,,unknown,unknown,True,,,,-0.0047,-1.45,,,,
237,480,PSZ2_G100.07+17.06,303.5893034,66.61169511,20:14:21,+66:36:42.10,False,,,5.0118,-1,-1,,-1,F,,,,,,unknown,unknown,True,,,,-0.0015,-0.74,,,,
238,785,PSZ2_G164.85-16.55,60.75506077,30.32177099,4:03:01,+30:19:18.37,False,,,5.0117,-1,-1,,-1,T,,,,,,unknown,unknown,True,,,,0.003,0.49,,,,
239,624,PSZ2_G126.36-19.11,17.34276939,43.63370456,1:09:22,+43:38:01.33,True,http://skyserver.sdss.org/dr13/en/tools/chart/navi.aspx?ra=17.342769&dec=43.633705&opt=S,MADE,5.0096,-1,-1,,-1,F,,,,,,unknown,unknown,True,,,,0.0334,3.2,,,,
240,426,PSZ2_G093.71-30.90,345.1839268,25.61136828,23:00:44,+25:36:40.92,True,http://skyserver.sdss.org/dr13/en/tools/chart/navi.aspx?ra=345.183927&dec=25.611368&opt=S,MADE,5.0012,-1,-1,,-1,T,,,,,,unknown,unknown,True,,,,0.0082,1.4,,,,
241,1305,PSZ2_G280.39-10.48,136.6507197,-63.03595585,9:06:36,-63:02:09,False,,,4.9988,-1,-1,,-1,F,,,,,,unknown,unknown,False,,,,0.0297,3.69,,,,
242,1259,PSZ2_G271.15+21.10,157.0896629,-32.7954838,10:28:22,-32:47:44,False,,,4.9957,-1,-1,,-1,F,,,,,,unknown,unknown,False,,,,0.0109,1.45,,,,
243,208,PSZ2_G051.48-30.87,318.39885360000005,0.51964668,21:13:36,+00:31:10.72,True,http://skyserver.sdss.org/dr13/en/tools/chart/navi.aspx?ra=318.398854&dec=0.519647&opt=S,MADE,4.992,-1,-1,,-1,F,,,,,,unknown,unknown,True,,,,0.0055,1.1,,,,
244,857,PSZ2_G185.45-32.01,62.01698914,6.109443392999999,4:08:04,+06:06:33.99,False,,,4.9916,624,-1,,-1,F,PSZ1_G185.42-32.03,30-Jan-14,,4-Nov-14,,unknown,unknown,True,,0.0018,0.38,0.0047,0.85,624.0,857.0,4.992,6.153
245,612,PSZ2_G125.11+28.14,131.0118618,87.81815671,8:44:03,+87:49:05.36,False,,,4.9889,-1,-1,,-1,T,,,,,,unknown,unknown,True,,,,0.0034,0.99,,,,
246,769,PSZ2_G160.94+44.85,143.3680894,54.95231489,9:33:28,+54:57:08.33,True,http://skyserver.sdss.org/dr13/en/tools/chart/navi.aspx?ra=143.368089&dec=54.952315&opt=S,MADE,4.9844,-1,-1,,-1,T,,,,,,unknown,unknown,True,,,,0.0072,1.01,,,,
247,1010,PSZ2_G224.86-79.51,24.5815777,-28.80738059,1:38:20,-28:48:27,False,,,4.9797,-1,-1,,-1,F,,,,,,unknown,unknown,True,,,,-0.0029,-0.88,,,,
248,1335,PSZ2_G286.32-30.62,85.37937345,-75.06259142,5:41:31,-75:03:45,False,,,4.9758,-1,-1,,-1,F,,,,,,unknown,unknown,False,,,,0.0477,8.32,,,,
249,852,PSZ2_G183.92+16.36,105.48936529999999,32.85983276,7:01:57,+32:51:35.39,False,,,4.974,-1,-1,,-1,F,,,,,,unknown,unknown,True,,,,0.0238,2.7,,,,
250,1525,PSZ2_G323.96+43.81,208.5254743,-16.48256945,13:54:06,-16:28:57,False,,,4.9739,-1,-1,,-1,F,,,,,,unknown,unknown,False,,,,0.0284,2.56,,,,
251,505,PSZ2_G105.00+39.68,238.1512045,70.53335741,15:52:36,+70:32:00.08,False,,,4.9721,-1,-1,,-1,F,,,,,,unknown,unknown,True,,,,0.0144,3.22,,,,
252,1361,PSZ2_G289.50+32.71,179.97690690000002,-28.80465715,11:59:54,-28:48:17,False,,,4.9718,-1,-1,,-1,F,,,,,,unknown,unknown,False,,,,0.0119,1.37,,,,
253,1579,PSZ2_G337.99-33.61,303.6793437,-59.21752123,20:14:43,-59:13:03,False,,,4.9694,-1,-1,,-1,F,,,,,,unknown,unknown,False,,,,-0.0065,-1.12,,,,
254,233,PSZ2_G057.09+11.19,283.51940989999997,26.48299795,18:54:05,+26:28:58.79,False,,,4.9635,-1,-1,,-1,F,,,,,,unknown,unknown,True,,,,0.0128,2.16,,,,
255,1372,PSZ2_G292.69-18.32,143.7570983,-77.10335928,9:35:02,-77:06:12,False,,,4.9635,-1,-1,,-1,F,,,,,,unknown,unknown,False,,,,-0.0054,-1.96,,,,
256,1411,PSZ2_G297.91+31.43,187.8533032,-31.242166100000002,12:31:25,-31:14:32,False,,,4.963,-1,-1,,-1,F,,,,,,unknown,unknown,False,,,,0.0143,1.28,,,,
257,688,PSZ2_G141.59+23.69,95.48324713,72.81279919,6:21:56,+72:48:46.07,False,,,4.9629,507,-1,,-1,F,PSZ1_G141.59+23.69,,,,,unknown,unknown,True,,0.0027,0.58,0.0027,0.58,507.0,688.0,4.963,4.829
258,133,PSZ2_G037.31-21.54,304.03231339999996,-5.984018272999999,20:16:08,-5:59:02,False,,,4.9612,-1,-1,,-1,F,,,,,,unknown,unknown,True,,,,-0.0049,-1.04,,,,
259,1588,PSZ2_G340.35-42.80,320.1064682,-55.93778032,21:20:26,-55:56:16,False,,,4.96,-1,-1,,-1,F,,,,,,unknown,unknown,False,,,,-0.0091,-1.38,,,,
260,1183,PSZ2_G256.41+32.31,153.2545534,-15.89154883,10:13:01,-15:53:30,False,,,4.953,-1,-1,,-1,F,,,,,,unknown,unknown,True,,,,0.0224,2.76,,,,
261,337,PSZ2_G079.36+38.06,254.8538954,52.07566315,16:59:25,+52:04:32.38,False,,,4.9471,-1,-1,,-1,F,,,,,,unknown,unknown,True,,,,0.0151,3.16,,,,
262,1159,PSZ2_G253.43+30.57,150.0920479,-15.41010959,10:00:22,-15:24:36,False,,,4.9375,-1,-1,,-1,F,,,,,,unknown,unknown,True,,,,0.0318,3.3,,,,
263,84,PSZ2_G025.89-46.67,324.677505,-23.98493287,21:38:43,-23:59:06,False,,,4.9335,-1,-1,,-1,F,,,,,,unknown,unknown,True,,,,0.008,1.11,,,,
264,831,PSZ2_G177.03+32.64,123.35259280000001,43.26509726,8:13:25,+43:15:54.35,True,http://skyserver.sdss.org/dr13/en/tools/chart/navi.aspx?ra=123.352593&dec=43.265097&opt=S,MADE,4.9333,-1,-1,,-1,T,,,,,,unknown,unknown,True,,,,0.005,1.02,,,,
265,1333,PSZ2_G286.07-42.75,49.758829999999996,-69.22224304,3:19:02,-69:13:20,False,,,4.9299,991,-1,,-1,F,PSZ1_G286.07-42.77,1-Nov-14,,,,unknown,unknown,False,,0.0274,0.79,0.0299,0.83,991.0,1333.0,4.93,4.888999999999999
266,438,PSZ2_G095.00-37.14,349.3564146,20.57362211,23:17:26,+20:34:25.03,True,http://skyserver.sdss.org/dr13/en/tools/chart/navi.aspx?ra=349.356415&dec=20.573622&opt=S,MADE,4.9271,332,-1,,-1,T,PSZ1_G095.00-37.14,,,,,unknown,unknown,True,,0.0011,0.24,0.0004,0.1,332.0,438.0,4.927,4.533
267,1113,PSZ2_G245.66-07.40,111.70146629999999,-32.417923699999996,7:26:48,-32:25:05,False,,,4.9261,835,-1,,-1,F,PSZ1_G245.67-07.42,,,,,unknown,unknown,True,,0.0121,1.58,0.0096,1.36,835.0,1113.0,4.926,4.601
268,720,PSZ2_G147.17+42.67,147.4524607,64.92212263,9:49:49,+64:55:19.64,True,http://skyserver.sdss.org/dr13/en/tools/chart/navi.aspx?ra=147.452461&dec=64.922123&opt=S,MADE,4.9201,-1,-1,,-1,F,,,,,,unknown,unknown,True,,,,-0.0015,-0.45,,,,
269,700,PSZ2_G143.90+25.06,101.33508,71.07216098,6:45:20,+71:04:19.77,False,,,4.914,-1,-1,,-1,T,,,,,,unknown,unknown,True,,,,-0.003,-0.86,,,,
270,106,PSZ2_G029.87-17.81,297.5458413,-10.64185681,19:50:11,-10:38:31,True,http://skyserver.sdss.org/dr13/en/tools/chart/navi.aspx?ra=297.545841&dec=-10.641857&opt=S,MADE,4.9109,-1,-1,,-1,F,,,,,,unknown,unknown,True,,,,0.0052,0.6,,,,
271,78,PSZ2_G023.87-13.88,291.3960142,-14.20553052,19:25:35,-14:12:20,False,,,4.9082,-1,-1,,-1,F,,,,,,unknown,unknown,True,,,,0.0366,2.81,,,,
272,827,PSZ2_G176.07-26.95,60.63787495,15.61371808,4:02:33,+15:36:49.38,True,http://skyserver.sdss.org/dr13/en/tools/chart/navi.aspx?ra=60.637875&dec=15.613718&opt=S,MADE,4.906000000000001,-1,-1,,-1,F,,,,,,unknown,unknown,True,,,,0.002,0.45,,,,
273,1296,PSZ2_G278.91-15.76,124.97084869999999,-64.99121246,8:19:53,-64:59:28,False,,,4.9044,962,-1,,-1,T,PSZ1_G278.83-15.67,,,,,unknown,unknown,False,,-0.0009,-0.32,0.0032,0.9,962.0,1296.0,4.904,4.686
274,713,PSZ2_G146.13+40.97,144.7845117,66.43705438,9:39:08,+66:26:13.39,True,http://skyserver.sdss.org/dr13/en/tools/chart/navi.aspx?ra=144.784512&dec=66.437054&opt=S,MADE,4.9023,-1,-1,,-1,T,,,,,,unknown,unknown,True,,,,-0.004,-1.46,,,,
275,514,PSZ2_G106.21+26.32,282.1361085,75.05866413,18:48:33,+75:03:31.19,False,,,4.9013,-1,-1,,-1,T,,,,,,unknown,unknown,True,,,,0.0356,6.93,,,,
276,421,PSZ2_G092.69+59.92,216.63471119999997,51.25208974,14:26:32,+51:15:07.52,True,http://skyserver.sdss.org/dr13/en/tools/chart/navi.aspx?ra=216.634711&dec=51.252090&opt=S,MADE,4.9013,-1,-1,,-1,F,,,,,,unknown,unknown,True,,,,0.004,0.99,,,,
277,88,PSZ2_G027.23+15.73,266.2912277,2.218193511,17:45:10,+02:13:05.49,False,,,4.8974,-1,-1,,-1,T,,,,,,unknown,unknown,True,,,,-0.0063,-0.97,,,,
278,1467,PSZ2_G311.23-23.00,255.91312299999998,-81.42894826,17:03:39,-81:25:44,False,,,4.893,-1,-1,,-1,F,,,,,,unknown,unknown,False,,,,-0.0051,-0.86,,,,
279,1055,PSZ2_G232.45-17.44,95.17233151,-24.86165904,6:20:41,-24:51:42,False,,,4.8923,-1,-1,,-1,F,,,,,,unknown,unknown,True,,,,0.0007,0.15,,,,
280,429,PSZ2_G093.94+13.75,303.330712,59.83401527,20:13:19,+59:50:02.45,True,http://skyserver.sdss.org/dr13/en/tools/chart/navi.aspx?ra=303.330712&dec=59.834015&opt=S,MADE,4.8897,-1,-1,,-1,T,,,,,,unknown,unknown,True,,,,0.0004,0.15,,,,
281,1152,PSZ2_G252.51+20.02,141.4441469,-22.13189282,9:25:47,-22:07:55,False,,,4.888,-1,-1,,-1,F,,,,,,unknown,unknown,True,,,,0.0015,0.31,,,,
282,250,PSZ2_G059.76+14.59,281.1949274,30.24677357,18:44:47,+30:14:48.38,False,,,4.8858,-1,-1,,-1,F,,,,,,unknown,unknown,True,,,,0.0118,2.2,,,,
283,1365,PSZ2_G290.83-45.84,36.85187396,-68.96553569,2:27:24,-68:57:56,False,,,4.8828,-1,-1,,-1,F,,,,,,unknown,unknown,False,,,,-0.0021,-0.35,,,,
284,801,PSZ2_G167.63-43.99,43.59008344,7.952947772000001,2:54:22,+07:57:10.61,False,,,4.8751,-1,-1,,-1,F,,,,,,unknown,unknown,True,,,,-999.0,-999.0,,,,
285,916,PSZ2_G202.61-26.26,74.96198098,-3.3718329810000003,4:59:51,-3:22:19,True,http://skyserver.sdss.org/dr13/en/tools/chart/navi.aspx?ra=74.961981&dec=-3.371833&opt=S,MADE,4.8743,-1,-1,,-1,F,,,,,,unknown,unknown,True,,,,0.0084,1.17,,,,
286,407,PSZ2_G090.12-13.87,330.91789889999995,38.08948587,22:03:40,+38:05:22.14,False,,,4.8687,-1,-1,,-1,F,,,,,,unknown,unknown,True,,,,0.0549,5.18,,,,
287,851,PSZ2_G183.92-68.82,32.00462131,-15.62433553,2:08:01,-15:37:28,False,,,4.8647,-1,-1,,-1,T,,,,,,unknown,unknown,True,,,,0.0419,3.14,,,,
288,1379,PSZ2_G293.17-14.35,155.46606640000002,-74.31557322,10:21:52,-74:18:56,False,,,4.8626,-1,-1,,-1,T,,,,,,unknown,unknown,False,,,,-0.0047,-2.37,,,,
289,1494,PSZ2_G316.51-33.21,313.5503874,-76.78672633,20:54:12,-76:47:12,False,,,4.8609,-1,-1,,-1,F,,,,,,unknown,unknown,False,,,,-0.0035,-0.59,,,,
290,597,PSZ2_G121.87-45.97,12.08917791,16.88760769,0:48:21,+16:53:15.38,True,http://skyserver.sdss.org/dr13/en/tools/chart/navi.aspx?ra=12.089178&dec=16.887608&opt=S,MADE,4.8566,-1,-1,,-1,T,,,,,,unknown,unknown,True,,,,-0.0041,-1.69,,,,
291,1278,PSZ2_G275.24-40.42,65.53941897,-63.58772324,4:22:09,-63:35:16,False,,,4.8536,-1,-1,,-1,F,,,,,,unknown,unknown,False,,,,0.0048,1.08,,,,
292,1252,PSZ2_G270.45-14.50,118.90048030000001,-57.24987103,7:55:36,-57:15:00,False,,,4.8509,-1,-1,,-1,F,,,,,,unknown,unknown,False,,,,0.0225,3.29,,,,
293,1466,PSZ2_G311.18-47.76,357.67981349999997,-68.38015042,23:50:43,-68:22:49,False,,,4.8508,-1,-1,,-1,F,,,,,,unknown,unknown,False,,,,0.0063,0.95,,,,
294,1168,PSZ2_G254.52+62.52,172.48833190000002,7.584715097999999,11:29:57,+07:35:04.97,True,http://skyserver.sdss.org/dr13/en/tools/chart/navi.aspx?ra=172.488332&dec=7.584715&opt=S,MADE,4.8476,-1,-1,,-1,T,,,,,,unknown,unknown,True,,,,0.0024,0.52,,,,
295,58,PSZ2_G018.73-15.49,290.7770614,-19.39917648,19:23:06,-19:23:57,False,,,4.8442,-1,-1,,-1,F,,,,,,unknown,unknown,True,,,,0.0199,1.73,,,,
296,1430,PSZ2_G303.98-18.29,199.35574780000002,-81.10919501,13:17:25,-81:06:33,False,,,4.8387,1061,-1,,-1,F,PSZ1_G303.95-18.29,,,,,unknown,unknown,False,,0.0054,0.69,0.0047,0.6,1061.0,1430.0,4.8389999999999995,4.92
297,1145,PSZ2_G250.73+22.85,142.5033215,-18.99998415,9:30:01,-19:00:00,False,,,4.8372,-1,-1,,-1,F,,,,,,unknown,unknown,True,,,,0.0016,0.34,,,,
298,705,PSZ2_G144.84-35.16,32.42297816,24.35543454,2:09:42,+24:21:19.56,True,http://skyserver.sdss.org/dr13/en/tools/chart/navi.aspx?ra=32.422978&dec=24.355435&opt=S,MADE,4.8356,-1,-1,,-1,F,,,,,,unknown,unknown,True,,,,-0.0015,-0.14,,,,
299,1517,PSZ2_G322.74-42.10,330.7661473,-67.96347356,22:03:04,-67:57:49,False,,,4.8268,-1,-1,,-1,F,,,,,,unknown,unknown,False,,,,0.0088,0.76,,,,
300,364,PSZ2_G084.15-08.63,320.936274,38.13474323,21:23:45,+38:08:05.07,False,,,4.8244,-1,-1,,-1,T,,,,,,unknown,unknown,True,,,,-0.01,-1.95,,,,
301,1307,PSZ2_G280.78-52.22,40.30641152,-59.92756942,2:41:14,-59:55:39,False,,,4.8231,-1,-1,,-1,F,,,,,,unknown,unknown,False,,,,0.0036,0.49,,,,
302,1404,PSZ2_G296.59-10.50,171.9015264,-72.33731,11:27:36,-72:20:14,False,,,4.8153,-1,-1,,-1,F,,,,,,unknown,unknown,False,,,,0.0116,2.43,,,,
303,281,PSZ2_G066.76-08.42,307.7695687,25.044757699999998,20:31:05,+25:02:41.12,False,,,4.8127,-1,-1,,-1,F,,,,,,unknown,unknown,True,,,,-0.0039,-1.43,,,,
304,740,PSZ2_G152.47+42.11,142.4646549,61.65786711,9:29:52,+61:39:28.32,True,http://skyserver.sdss.org/dr13/en/tools/chart/navi.aspx?ra=142.464655&dec=61.657867&opt=S,MADE,4.8107,-1,-1,,-1,F,,,,,,unknown,unknown,True,,,,-0.001,-0.29,,,,
305,771,PSZ2_G161.73-28.58,49.57338282,23.01232327,3:18:18,+23:00:44.36,False,,,4.8088,-1,-1,,-1,T,,,,,,unknown,unknown,True,,,,0.0036,0.82,,,,
306,1559,PSZ2_G332.11-23.63,281.8545359,-63.46697178,18:47:25,-63:28:01,False,,,4.8077,-1,-1,,-1,F,,,,,,unknown,unknown,False,,,,0.0203,1.1,,,,
307,763,PSZ2_G158.45-42.92,38.72074873,12.70278728,2:34:53,+12:42:10.03,False,,,4.8072,-1,-1,,-1,F,,,,,,unknown,unknown,True,,,,0.0007,0.15,,,,
308,1121,PSZ2_G246.91+24.65,141.520125,-15.187408999999999,9:26:05,-15:11:15,False,,,4.8031,-1,-1,,-1,F,,,,,,unknown,unknown,True,,,,0.0209,2.51,,,,
309,10,PSZ2_G002.88-22.45,292.0147682,-35.87609336,19:28:04,-35:52:34,False,,,4.8006,-1,-1,,-1,T,,,,,,unknown,unknown,False,,,,0.0078,0.88,,,,
310,644,PSZ2_G130.64+37.16,161.7858341,78.03349241,10:47:09,+78:02:00.57,True,http://skyserver.sdss.org/dr13/en/tools/chart/navi.aspx?ra=161.785834&dec=78.033492&opt=S,MADE,4.7978,-1,-1,,-1,F,,,,,,unknown,unknown,True,,,,-0.0073,-3.43,,,,
311,1164,PSZ2_G254.10+19.95,142.48230859999998,-23.27295538,9:29:56,-23:16:23,False,,,4.7974,870,-1,,-1,T,PSZ1_G254.09+19.96,,,,,unknown,unknown,True,,0.0037,0.81,0.004,0.89,870.0,1164.0,4.797,5.4510000000000005
312,647,PSZ2_G131.19+14.48,45.86754017,75.19959566,3:03:28,+75:11:58.54,True,http://skyserver.sdss.org/dr13/en/tools/chart/navi.aspx?ra=45.867540&dec=75.199596&opt=S,MADE,4.7951,-1,-1,,-1,F,,,,,,unknown,unknown,True,,,,0.0002,0.05,,,,
313,1062,PSZ2_G233.46+25.46,134.80228730000002,-4.922281327,8:59:13,-4:55:20,False,,,4.7935,-1,-1,,-1,T,,,,,,unknown,unknown,True,,,,-0.0045,-1.53,,,,
314,11,PSZ2_G003.21-76.04,358.3512149,-33.29324445,23:53:24,-33:17:36,False,,,4.7895,-1,-1,,-1,F,,,,,,unknown,unknown,True,,,,0.0279,2.56,,,,
315,754,PSZ2_G156.24+22.32,101.23488459999999,59.45095388,6:44:56,+59:27:03.43,False,,,4.7885,-1,-1,,-1,F,,,,,,unknown,unknown,True,,,,0.0146,1.3,,,,
316,155,PSZ2_G042.54+18.02,270.6433998,16.40139534,18:02:34,+16:24:05.02,False,,,4.7879,-1,-1,,-1,F,,,,,,unknown,unknown,True,,,,0.0022,0.31,,,,
317,1291,PSZ2_G278.56+10.74,157.6282333,-45.35030692,10:30:31,-45:21:01,False,,,4.7861,-1,-1,,-1,F,,,,,,unknown,unknown,False,,,,0.0201,2.27,,,,
318,116,PSZ2_G032.77+19.69,265.1224844,8.711237937,17:40:29,+08:42:40.45,False,,,4.7847,-1,-1,,-1,F,,,,,,unknown,unknown,True,,,,0.0408,3.55,,,,
319,1149,PSZ2_G251.55-42.78,68.25333538,-45.83952086,4:33:01,-45:50:22,False,,,4.7843,-1,-1,,-1,F,,,,,,unknown,unknown,False,,,,0.0311,4.13,,,,
320,780,PSZ2_G163.89+11.55,88.94520864,48.57049272,5:55:47,+48:34:13.77,False,,,4.782,-1,-1,,-1,T,,,,,,unknown,unknown,True,,,,0.002,0.37,,,,
321,380,PSZ2_G086.07-41.99,345.6385062,12.95227539,23:02:33,+12:57:08.19,True,http://skyserver.sdss.org/dr13/en/tools/chart/navi.aspx?ra=345.638506&dec=12.952275&opt=S,MADE,4.781000000000001,-1,-1,,-1,T,,,,,,unknown,unknown,True,,,,-0.0033,-1.46,,,,
322,248,PSZ2_G059.52+16.23,279.33934139999997,30.6641929,18:37:21,+30:39:51.09,False,,,4.7797,-1,-1,,-1,F,,,,,,unknown,unknown,True,,,,0.0285,3.45,,,,
323,1381,PSZ2_G293.35-10.50,162.5448764,-71.08979322,10:50:11,-71:05:23,False,,,4.7797,-1,-1,,-1,T,,,,,,unknown,unknown,False,,,,0.0109,1.13,,,,
324,925,PSZ2_G204.91-69.71,34.69221556,-22.62249574,2:18:46,-22:37:21,False,,,4.7742,-1,-1,,-1,F,,,,,,unknown,unknown,True,,,,0.0005,0.09,,,,
325,412,PSZ2_G091.56+08.50,309.0663098,54.98356235,20:36:16,+54:59:00.82,False,,,4.7736,-1,-1,,-1,F,,,,,,unknown,unknown,True,,,,0.0449,6.31,,,,
326,1389,PSZ2_G294.45-13.94,160.1930199,-74.62492113,10:40:46,-74:37:30,False,,,4.7735,-1,-1,,-1,T,,,,,,unknown,unknown,False,,,,0.0006,0.17,,,,
327,61,PSZ2_G018.92-33.64,309.27813169999996,-25.59298294,20:37:07,-25:35:35,False,,,4.7718,-1,-1,,-1,F,,,,,,unknown,unknown,True,,,,0.027000000000000003,2.45,,,,
328,1505,PSZ2_G319.16+26.63,210.4068892,-34.01090184,14:01:38,-34:00:39,False,,,4.7691,-1,-1,,-1,F,,,,,,unknown,unknown,False,,,,-0.0135,-2.24,,,,
329,797,PSZ2_G166.56-17.69,61.19432921,28.36060046,4:04:47,+28:21:38.16,False,,,4.7632,-1,-1,,-1,T,,,,,,unknown,unknown,True,,,,-0.0056,-1.3,,,,
330,1331,PSZ2_G285.85-46.36,43.41120021,-66.50619708,2:53:39,-66:30:22,False,,,4.7599,-1,-1,,-1,F,,,,,,unknown,unknown,False,,,,-0.0017,-0.32,,,,
331,616,PSZ2_G125.41+27.95,123.99609939999999,87.64659432,8:15:59,+87:38:47.73,False,,,4.7591,-1,-1,,-1,T,,,,,,unknown,unknown,True,,,,-0.0006,-0.2,,,,
332,970,PSZ2_G215.25-87.14,16.06482782,-27.20748987,1:04:16,-27:12:27,False,,,4.7584,-1,-1,,-1,T,,,,,,unknown,unknown,True,,,,0.0013,0.24,,,,
333,209,PSZ2_G052.08+46.13,243.4439272,32.08138202,16:13:47,+32:04:52.97,True,http://skyserver.sdss.org/dr13/en/tools/chart/navi.aspx?ra=243.443927&dec=32.081382&opt=S,MADE,4.7572,-1,-1,,-1,T,,,,,,unknown,unknown,True,,,,-0.003,-1.08,,,,
334,812,PSZ2_G171.48+16.17,99.52136576,43.84945441,6:38:05,+43:50:58.03,True,http://skyserver.sdss.org/dr13/en/tools/chart/navi.aspx?ra=99.521366&dec=43.849454&opt=S,MADE,4.7548,-1,-1,,-1,F,,,,,,unknown,unknown,True,,,,-0.0042,-1.32,,,,
335,636,PSZ2_G128.15-24.71,18.87684592,37.91346082,1:15:30,+37:54:48.45,False,,,4.7484,-1,-1,,-1,T,,,,,,unknown,unknown,True,,,,0.0009,0.19,,,,
336,757,PSZ2_G157.07-33.63,42.92578609,21.1472335,2:51:42,+21:08:50.04,True,http://skyserver.sdss.org/dr13/en/tools/chart/navi.aspx?ra=42.925786&dec=21.147233&opt=S,MADE,4.7479,549,-1,,-1,F,PSZ1_G157.07-33.66,,,,,unknown,unknown,True,,-0.0034,-1.62,0.0026,0.61,549.0,757.0,4.748,4.898
337,1652,PSZ2_G359.60-08.72,275.0918356,-33.53171678,18:20:22,-33:31:54,False,,,4.7403,-1,-1,,-1,F,,,,,,unknown,unknown,False,,,,-0.0005,-0.03,,,,
338,454,PSZ2_G097.37-17.11,340.6788968,39.28211537,22:42:43,+39:16:55.61,False,,,4.7398,-1,-1,,-1,F,,,,,,unknown,unknown,True,,,,0.0088,1.6,,,,
339,371,PSZ2_G084.69-58.60,354.0406087,-1.43361878,23:36:10,-1:26:01,True,http://skyserver.sdss.org/dr13/en/tools/chart/navi.aspx?ra=354.040609&dec=-1.433619&opt=S,MADE,4.7396,-1,-1,,-1,F,,,,,,unknown,unknown,True,,,,0.0003,0.06,,,,
340,1621,PSZ2_G347.96+80.46,200.033481,20.21205383,13:20:08,+20:12:43.39,True,http://skyserver.sdss.org/dr13/en/tools/chart/navi.aspx?ra=200.033481&dec=20.212054&opt=S,MADE,4.7346,-1,-1,,-1,F,,,,,,unknown,unknown,True,,,,0.0014,0.28,,,,
341,1024,PSZ2_G227.44-31.24,79.12449277,-25.28555507,5:16:30,-25:17:08,False,,,4.7341,-1,-1,,-1,F,,,,,,unknown,unknown,True,,,,-0.0003,-0.06,,,,
342,946,PSZ2_G210.02-56.38,49.11523697,-20.7778694,3:16:28,-20:46:40,False,,,4.7332,-1,-1,,-1,F,,,,,,unknown,unknown,True,,,,0.0178,3.08,,,,
343,124,PSZ2_G035.89-61.39,341.7593232,-22.22824807,22:47:02,-22:13:42,False,,,4.7326,-1,-1,,-1,F,,,,,,unknown,unknown,True,,,,0.0121,1.01,,,,
344,1321,PSZ2_G284.30-26.75,99.87619011,-73.40260501,6:39:30,-73:24:09,False,,,4.7316,-1,-1,,-1,F,,,,,,unknown,unknown,False,,,,0.0133,2.55,,,,
345,1239,PSZ2_G268.07+09.39,145.2400595,-40.24588124,9:40:58,-40:14:45,False,,,4.7296,-1,-1,,-1,F,,,,,,unknown,unknown,False,,,,0.0171,2.22,,,,
346,130,PSZ2_G036.80-14.95,297.9201625,-3.4116348889999997,19:51:41,-3:24:42,False,,,4.7294,-1,-1,,-1,T,,,,,,unknown,unknown,True,,,,-0.0074,-2.65,,,,
347,110,PSZ2_G031.37-71.95,352.68120519999997,-26.17128597,23:30:43,-26:10:17,False,,,4.7289,-1,-1,,-1,F,,,,,,unknown,unknown,True,,,,0.0237,1.83,,,,
348,1633,PSZ2_G353.36-26.49,294.102131,-45.29537316,19:36:25,-45:17:43,False,,,4.7288,-1,-1,,-1,F,,,,,,unknown,unknown,False,,,,0.0414,3.07,,,,
349,432,PSZ2_G094.31-11.31,333.2398927,42.57879192,22:12:58,+42:34:43.65,True,http://skyserver.sdss.org/dr13/en/tools/chart/navi.aspx?ra=333.239893&dec=42.578792&opt=S,MADE,4.7245,-1,-1,,-1,F,,,,,,unknown,unknown,True,,,,0.0179,2.67,,,,
350,1464,PSZ2_G310.22+23.02,201.5511705,-39.3544674,13:26:12,-39:21:16,False,,,4.7233,-1,-1,,-1,F,,,,,,unknown,unknown,False,,,,0.0195,1.69,,,,
351,1148,PSZ2_G251.21-16.74,103.9362566,-41.25246876,6:55:45,-41:15:09,False,,,4.7147,-1,-1,,-1,F,,,,,,unknown,unknown,False,,,,0.027000000000000003,3.58,,,,
352,723,PSZ2_G148.60-48.61,29.81578078,10.84230853,1:59:16,+10:50:32.31,True,http://skyserver.sdss.org/dr13/en/tools/chart/navi.aspx?ra=29.815781&dec=10.842309&opt=S,MADE,4.7102,-1,-1,,-1,F,,,,,,unknown,unknown,True,,,,0.0002,0.03,,,,
353,669,PSZ2_G136.33-44.53,22.82568151,17.30026608,1:31:18,+17:18:00.95,True,http://skyserver.sdss.org/dr13/en/tools/chart/navi.aspx?ra=22.825682&dec=17.300266&opt=S,MADE,4.7069,492,-1,,-1,T,PSZ1_G136.37-44.50,,,,,unknown,unknown,True,,-0.0044,-1.81,-0.0017,-0.5,492.0,669.0,4.707,4.899
354,89,PSZ2_G027.28+23.79,259.1370903,5.964182524,17:16:33,+05:57:51.05,False,,,4.7054,67,-1,,-1,F,PSZ1_G027.31+23.79,,,,,unknown,unknown,True,,-0.0053,-0.82,-0.0029,-0.43,67.0,89.0,4.705,5.1
355,912,PSZ2_G201.20-42.83,59.70723709,-10.21625095,3:58:50,-10:12:59,False,,,4.7005,-1,-1,,-1,F,,,,,,unknown,unknown,True,,,,0.0062,0.97,,,,
356,563,PSZ2_G115.34-54.89,8.466802422,7.721904718999999,0:33:52,+07:43:18.85,True,http://skyserver.sdss.org/dr13/en/tools/chart/navi.aspx?ra=8.466802&dec=7.721905&opt=S,MADE,4.6996,424,-1,,-1,F,PSZ1_G115.34-54.89,,,,,unknown,unknown,True,,-0.0054,-0.88,-0.0054,-0.88,424.0,563.0,4.7,4.803999999999999
357,739,PSZ2_G152.40+75.00,183.3146954,39.85766538,12:13:16,+39:51:27.59,True,http://skyserver.sdss.org/dr13/en/tools/chart/navi.aspx?ra=183.314695&dec=39.857665&opt=S,MADE,4.6954,-1,-1,,-1,F,,,,,,unknown,unknown,True,,,,0.0024,0.45,,,,
358,326,PSZ2_G076.51+21.73,279.6574426,47.62842846,18:38:38,+47:37:42.34,False,,,4.6869,-1,-1,,-1,F,,,,,,unknown,unknown,True,,,,0.0056,1.72,,,,
359,592,PSZ2_G120.75+25.39,323.9867091,87.38292426,21:35:57,+87:22:58.52,False,,,4.6861,-1,-1,,-1,T,,,,,,unknown,unknown,True,,,,0.0002,0.05,,,,
360,328,PSZ2_G076.81-32.57,333.69219419999996,15.92452493,22:14:46,+15:55:28.28,True,http://skyserver.sdss.org/dr13/en/tools/chart/navi.aspx?ra=333.692194&dec=15.924525&opt=S,MADE,4.6847,-1,-1,,-1,F,,,,,,unknown,unknown,True,,,,0.0099,1.26,,,,
361,287,PSZ2_G067.72-24.13,321.599396,16.08122464,21:26:24,+16:04:52.40,False,,,4.6807,-1,-1,,-1,F,,,,,,unknown,unknown,True,,,,-0.0071,-2.2,,,,
362,628,PSZ2_G126.72-21.03,17.60297038,41.69236191,1:10:25,+41:41:32.50,True,http://skyserver.sdss.org/dr13/en/tools/chart/navi.aspx?ra=17.602970&dec=41.692362&opt=S,MADE,4.6802,-1,-1,,-1,F,,,,,,unknown,unknown,True,,,,0.0598,4.41,,,,
363,1202,PSZ2_G261.11+34.90,158.0988526,-16.44407628,10:32:24,-16:26:39,False,,,4.68,-1,-1,,-1,T,,,,,,unknown,unknown,True,,,,0.0026,0.48,,,,
364,1011,PSZ2_G225.18-33.61,75.99838081,-24.18876347,5:04:00,-24:11:20,False,,,4.6782,-1,-1,,-1,F,,,,,,unknown,unknown,True,,,,0.0158,2.02,,,,
365,732,PSZ2_G150.64-14.21,49.33204721,40.67688906,3:17:20,+40:40:36.80,True,http://skyserver.sdss.org/dr13/en/tools/chart/navi.aspx?ra=49.332047&dec=40.676889&opt=S,MADE,4.6777,-1,-1,,-1,F,,,,,,unknown,unknown,True,,,,0.0171,2.16,,,,
366,1636,PSZ2_G355.22-70.03,352.831781,-37.91145261,23:31:20,-37:54:41,False,,,4.6776,-1,-1,,-1,F,,,,,,unknown,unknown,True,,,,0.0042,0.35,,,,
367,712,PSZ2_G146.10-55.55,25.7705973,4.978732187,1:43:05,+04:58:43.43,True,http://skyserver.sdss.org/dr13/en/tools/chart/navi.aspx?ra=25.770597&dec=4.978732&opt=S,MADE,4.6746,-1,-1,,-1,F,,,,,,unknown,unknown,True,,,,-0.0061,-2.34,,,,
368,891,PSZ2_G195.03-79.43,23.82361547,-23.46065327,1:35:18,-23:27:38,False,,,4.6701,-1,-1,,-1,F,,,,,,unknown,unknown,True,,,,0.0229,1.77,,,,
369,171,PSZ2_G045.47+17.80,272.032217,18.8742908,18:08:08,+18:52:27.44,False,,,4.6699,-1,-1,,-1,F,,,,,,unknown,unknown,True,,,,0.0365,3.5,,,,
370,1039,PSZ2_G229.40-15.49,95.88135961,-21.40421617,6:23:32,-21:24:15,False,,,4.6687,-1,-1,,-1,F,,,,,,unknown,unknown,True,,,,0.0231,3.16,,,,
371,1244,PSZ2_G269.02+46.30,169.79364819999998,-10.39867634,11:19:10,-10:23:55,True,http://skyserver.sdss.org/dr13/en/tools/chart/navi.aspx?ra=169.793648&dec=-10.398676&opt=S,MADE,4.667,-1,-1,,-1,F,,,,,,unknown,unknown,True,,,,0.0009,0.15,,,,
372,1099,PSZ2_G242.74-11.66,105.69215770000001,-31.70291832,7:02:46,-31:42:11,False,,,4.6612,-1,-1,,-1,F,,,,,,unknown,unknown,True,,,,0.0215,2.6,,,,
373,1648,PSZ2_G358.80-10.83,276.96240919999997,-35.17744362,18:27:51,-35:10:39,False,,,4.6598,-1,-1,,-1,F,,,,,,unknown,unknown,False,,,,0.0979,2.93,,,,
374,1455,PSZ2_G308.04-15.48,216.09458650000002,-77.42674915,14:24:23,-77:25:36,False,,,4.6593,-1,-1,,-1,F,,,,,,unknown,unknown,False,,,,0.0685,3.76,,,,
375,1018,PSZ2_G226.15+09.02,117.01951670000001,-7.446721302,7:48:05,-7:26:48,False,,,4.6586,-1,-1,,-1,F,,,,,,unknown,unknown,True,,,,0.0068,0.7,,,,
376,1513,PSZ2_G321.94+75.57,197.64328319999998,13.41769949,13:10:34,+13:25:03.71,True,http://skyserver.sdss.org/dr13/en/tools/chart/navi.aspx?ra=197.643283&dec=13.417699&opt=S,MADE,4.6579,-1,-1,,-1,F,,,,,,unknown,unknown,True,,,,-0.0084,-2.45,,,,
377,1162,PSZ2_G253.95+39.12,156.45397690000001,-9.522345061000001,10:25:49,-9:31:20,False,,,4.6578,-1,-1,,-1,F,,,,,,unknown,unknown,True,,,,-0.0025,-0.69,,,,
378,1533,PSZ2_G325.25-33.72,307.2512122,-69.70171074,20:29:00,-69:42:06,False,,,4.6541,-1,-1,,-1,F,,,,,,unknown,unknown,False,,,,-0.0046,-0.51,,,,
379,1364,PSZ2_G290.38+37.57,181.9785845,-24.235960199999997,12:07:55,-24:14:09,False,,,4.654,-1,-1,,-1,F,,,,,,unknown,unknown,False,,,,-0.0057,-1.47,,,,
380,169,PSZ2_G045.20+15.63,274.0145937,17.76216509,18:16:04,+17:45:43.79,False,,,4.6503,-1,-1,,-1,F,,,,,,unknown,unknown,True,,,,0.0442,3.59,,,,
381,1472,PSZ2_G312.35+17.84,205.3895592,-44.10402548,13:41:33,-44:06:14,False,,,4.649,1097,-1,,-1,F,PSZ1_G312.36+17.83,,,,,unknown,unknown,False,,0.0503,2.82,0.0659,3.33,1097.0,1472.0,4.649,4.64
382,799,PSZ2_G167.43-53.67,37.39605567,0.49508332200000005,2:29:35,+00:29:42.29,True,http://skyserver.sdss.org/dr13/en/tools/chart/navi.aspx?ra=37.396056&dec=0.495083&opt=S,MADE,4.649,-1,-1,,-1,F,,,,,,unknown,unknown,True,,,,0.0004,0.05,,,,
383,85,PSZ2_G026.09-25.62,303.42776789999994,-17.02519961,20:13:43,-17:01:31,False,,,4.6485,-1,-1,,-1,F,,,,,,unknown,unknown,True,,,,-0.0003,-0.04,,,,
384,921,PSZ2_G203.71+50.82,148.7731224,26.33091349,9:55:06,+26:19:51.28,True,http://skyserver.sdss.org/dr13/en/tools/chart/navi.aspx?ra=148.773122&dec=26.330913&opt=S,MADE,4.6476,-1,-1,,-1,F,,,,,,unknown,unknown,True,,,,0.0008,0.21,,,,
385,1436,PSZ2_G304.95-18.60,205.5794155,-81.2788479,13:42:19,-81:16:44,False,,,4.6466,-1,-1,,-1,T,,,,,,unknown,unknown,False,,,,0.0009,0.12,,,,
386,667,PSZ2_G136.02-47.15,22.02703441,14.78307818,1:28:06,+14:46:59.08,True,http://skyserver.sdss.org/dr13/en/tools/chart/navi.aspx?ra=22.027034&dec=14.783078&opt=S,MADE,4.6438,-1,-1,,-1,F,,,,,,unknown,unknown,True,,,,0.0001,0.01,,,,
387,1398,PSZ2_G295.36+24.29,184.08714019999996,-38.05939013,12:16:21,-38:03:34,False,,,4.6418,-1,-1,,-1,F,,,,,,unknown,unknown,False,,,,-0.0004,-0.04,,,,
388,161,PSZ2_G044.21+52.13,235.7544571,27.833310100000002,15:43:01,+27:49:59.91,True,http://skyserver.sdss.org/dr13/en/tools/chart/navi.aspx?ra=235.754457&dec=27.833310&opt=S,MADE,4.6408,-1,-1,,-1,F,,,,,,unknown,unknown,False,,,,0.0072,0.87,,,,
389,36,PSZ2_G010.76-16.91,288.9423815,-26.99479695,19:15:46,-26:59:41,False,,,4.6352,-1,-1,,-1,F,,,,,,unknown,unknown,True,,,,0.0491,3.03,,,,
390,501,PSZ2_G104.58-15.41,347.958263,43.88359117,23:11:50,+43:53:00.92,False,,,4.6293,-1,-1,,-1,T,,,,,,unknown,unknown,True,,,,-0.0013,-0.31,,,,
391,982,PSZ2_G218.58+08.71,113.18839979999998,-1.003125858,7:32:45,-1:00:11,True,http://skyserver.sdss.org/dr13/en/tools/chart/navi.aspx?ra=113.188400&dec=-1.003126&opt=S,MADE,4.6284,-1,-1,,-1,F,,,,,,unknown,unknown,True,,,,0.0332,3.34,,,,
392,129,PSZ2_G036.77-16.51,299.298929,-4.150413652,19:57:12,-4:09:01,False,,,4.6282,-1,-1,,-1,F,,,,,,unknown,unknown,True,,,,-0.0051,-0.95,,,,
393,917,PSZ2_G202.66+66.98,166.8142374,28.79649753,11:07:15,+28:47:47.39,True,http://skyserver.sdss.org/dr13/en/tools/chart/navi.aspx?ra=166.814237&dec=28.796498&opt=S,MADE,4.6271,-1,-1,,-1,F,,,,,,unknown,unknown,True,,,,-0.005,-1.54,,,,
394,546,PSZ2_G112.69+33.37,245.10213810000002,79.18157419,16:20:25,+79:10:53.66,True,http://skyserver.sdss.org/dr13/en/tools/chart/navi.aspx?ra=245.102138&dec=79.181574&opt=S,MADE,4.6258,-1,-1,,-1,F,,,,,,unknown,unknown,True,,,,0.0015,0.53,,,,
395,181,PSZ2_G046.39+11.71,278.2491827,17.19204393,18:33:00,+17:11:31.35,False,,,4.6233,-1,-1,,-1,F,,,,,,unknown,unknown,True,,,,0.0014,0.32,,,,
396,1532,PSZ2_G325.19+49.12,207.4979135,-11.1992951,13:49:59,-11:11:57,False,,,4.6205,-1,-1,,-1,F,,,,,,unknown,unknown,False,,,,0.0244,2.36,,,,
397,1023,PSZ2_G227.30+09.00,117.5642503,-8.439838768,7:50:15,-8:26:23,False,,,4.6178,-1,-1,,-1,F,,,,,,unknown,unknown,True,,,,0.0336,2.59,,,,
398,511,PSZ2_G105.94-16.14,350.02389460000006,43.69227670000001,23:20:06,+43:41:32.19,False,,,4.6173,-1,-1,,-1,T,,,,,,unknown,unknown,True,,,,0.0003,0.07,,,,
399,1577,PSZ2_G337.92-64.34,351.672256,-46.61180797,23:26:41,-46:36:43,False,,,4.6096,-1,-1,,-1,F,,,,,,unknown,unknown,False,,,,0.0031,0.41,,,,
400,1586,PSZ2_G339.74-51.08,333.7589777,-53.35570174,22:15:02,-53:21:21,False,,,4.6088,-1,-1,,-1,F,,,,,,unknown,unknown,False,,,,0.01,1.35,,,,
401,1142,PSZ2_G250.47-33.97,80.75926507,-44.7920821,5:23:02,-44:47:31,False,,,4.6082,855,-1,,-1,F,PSZ1_G250.50-33.97,,,,,unknown,unknown,False,,0.0042,0.9,0.0059,1.19,855.0,1142.0,4.6080000000000005,4.617
402,1611,PSZ2_G345.38-25.32,290.0080391,-52.05645429,19:20:02,-52:03:23,False,,,4.6064,-1,-1,,-1,F,,,,,,unknown,unknown,False,,,,-0.0077,-0.57,,,,
403,207,PSZ2_G051.40-61.15,344.5480214,-15.27242863,22:58:12,-15:16:21,False,,,4.6046,-1,-1,,-1,F,,,,,,unknown,unknown,True,,,,0.0151,0.91,,,,
404,500,PSZ2_G104.52+39.39,239.48193849999998,70.38493812,15:57:56,+70:23:05.77,False,,,4.5987,-1,-1,,-1,F,,,,,,unknown,unknown,True,,,,-0.001,-0.38,,,,
405,600,PSZ2_G122.81+24.74,10.35607284,87.61562679999999,0:41:25,+87:36:56.25,False,,,4.5977,-1,-1,,-1,T,,,,,,unknown,unknown,True,,,,-0.0057,-3.61,,,,
406,1393,PSZ2_G295.00-37.76,42.97583551,-77.44980959,2:51:54,-77:26:59,False,,,4.5958,1034,-1,,-1,F,PSZ1_G295.00-37.76,,,,,unknown,unknown,False,,-0.0065,-1.57,-0.0065,-1.57,1034.0,1393.0,4.596,4.62
407,1094,PSZ2_G241.91+07.79,124.26307050000001,-21.43434201,8:17:03,-21:26:04,False,,,4.5947,-1,-1,,-1,F,,,,,,unknown,unknown,True,,,,-0.006,-1.79,,,,
408,424,PSZ2_G093.41-16.26,335.9786463,38.00703556,22:23:55,+38:00:25.32,True,http://skyserver.sdss.org/dr13/en/tools/chart/navi.aspx?ra=335.978646&dec=38.007036&opt=S,MADE,4.5908,-1,-1,,-1,F,,,,,,unknown,unknown,True,,,,0.0304,3.72,,,,
409,1599,PSZ2_G342.32+23.51,233.48717709999997,-26.6588094,15:33:57,-26:39:32,False,,,4.5875,-1,-1,,-1,T,,,,,,unknown,unknown,False,,,,-0.0041,-0.71,,,,
410,310,PSZ2_G072.96-12.26,315.3094898,27.55243762,21:01:14,+27:33:08.77,False,,,4.586,-1,-1,,-1,T,,,,,,unknown,unknown,True,,,,-0.0154,-3.18,,,,
411,934,PSZ2_G206.55-43.22,61.1062921,-13.89998212,4:04:26,-13:54:00,False,,,4.584,-1,-1,,-1,F,,,,,,unknown,unknown,True,,,,-0.0023,-0.57,,,,
412,126,PSZ2_G036.36+16.01,269.9844534,10.19641113,17:59:56,+10:11:47.08,True,http://skyserver.sdss.org/dr13/en/tools/chart/navi.aspx?ra=269.984453&dec=10.196411&opt=S,MADE,4.5818,-1,-1,,-1,F,,,,,,unknown,unknown,True,,,,-0.0052,-0.95,,,,
413,1219,PSZ2_G263.96+40.64,163.5168981,-13.17935964,10:54:04,-13:10:46,False,,,4.5813,-1,-1,,-1,F,,,,,,unknown,unknown,True,,,,-0.0053,-1.93,,,,
414,819,PSZ2_G173.07-36.15,52.01916234,11.0394011,3:28:05,+11:02:21.84,False,,,4.5808,597,-1,,-1,F,PSZ1_G173.07-36.12,,,,,unknown,unknown,True,,-0.0027,-1.07,-0.003,-1.23,597.0,819.0,4.581,4.946000000000001
415,193,PSZ2_G048.39-16.78,304.889445,5.482946455,20:19:33,+05:28:58.60,False,,,4.5762,-1,-1,,-1,F,,,,,,unknown,unknown,True,,,,0.0032,0.61,,,,
416,1017,PSZ2_G226.12-19.51,90.61399904,-20.10292682,6:02:27,-20:06:11,False,,,4.5715,-1,-1,,-1,F,,,,,,unknown,unknown,True,,,,0.0381,4.01,,,,
417,266,PSZ2_G064.98+16.71,281.1498974,35.69702656,18:44:36,+35:41:49.29,False,,,4.5704,-1,-1,,-1,T,,,,,,unknown,unknown,True,,,,-0.0032,-1.19,,,,
418,1352,PSZ2_G288.06-46.73,39.80150622,-67.16211514,2:39:12,-67:09:44,False,,,4.565,-1,-1,,-1,F,,,,,,unknown,unknown,False,,,,0.0004,0.08,,,,
419,95,PSZ2_G027.99-69.85,350.2087969,-27.02998025,23:20:50,-27:01:48,False,,,4.5635,-1,-1,,-1,F,,,,,,unknown,unknown,True,,,,0.0244,1.15,,,,
420,1315,PSZ2_G282.32-40.15,60.2229076,-68.55134074,4:00:53,-68:33:05,False,,,4.5634,-1,-1,,-1,T,,,,,,unknown,unknown,False,,,,0.0,0.0,,,,
421,849,PSZ2_G183.32-31.51,61.29588793,7.84865549,4:05:11,+07:50:55.15,False,,,4.5602,-1,-1,,-1,T,,,,,,unknown,unknown,True,,,,0.0016,0.35,,,,
422,143,PSZ2_G039.86+18.70,268.92721960000006,14.361966500000001,17:55:43,+14:21:43.07,False,,,4.5583,-1,-1,,-1,F,,,,,,unknown,unknown,True,,,,0.0004,0.04,,,,
423,1366,PSZ2_G291.34+14.70,176.4087925,-46.68196181,11:45:38,-46:40:55,False,,,4.5555,-1,-1,,-1,F,,,,,,unknown,unknown,False,,,,-0.0022,-0.32,,,,
424,19,PSZ2_G006.16-69.49,350.5375195,-34.57521351,23:22:09,-34:34:31,False,,,4.5534,-1,-1,,-1,F,,,,,,unknown,unknown,True,,,,0.0028,0.19,,,,
425,1491,PSZ2_G315.71-83.81,11.22919751,-33.14671377,0:44:55,-33:08:48,False,,,4.5523,-1,-1,,-1,F,,,,,,unknown,unknown,True,,,,0.0133,1.62,,,,
426,640,PSZ2_G129.99-22.42,21.38909207,39.98029926,1:25:33,+39:58:49.07,True,http://skyserver.sdss.org/dr13/en/tools/chart/navi.aspx?ra=21.389092&dec=39.980299&opt=S,MADE,4.5502,-1,-1,,-1,F,,,,,,unknown,unknown,True,,,,-0.0005,-0.1,,,,
427,1383,PSZ2_G293.80-40.77,39.43009089,-74.41415613,2:37:43,-74:24:51,False,,,4.5483,-1,-1,,-1,F,,,,,,unknown,unknown,False,,,,0.0047,0.66,,,,
428,627,PSZ2_G126.62-53.42,15.08718847,9.381060699999999,1:00:21,+09:22:51.81,True,http://skyserver.sdss.org/dr13/en/tools/chart/navi.aspx?ra=15.087188&dec=9.381061&opt=S,MADE,4.5465,-1,-1,,-1,F,,,,,,unknown,unknown,True,,,,-0.0005,-0.12,,,,
429,86,PSZ2_G026.34-58.64,337.6571827,-26.26635231,22:30:38,-26:15:59,False,,,4.5459,-1,-1,,-1,F,,,,,,unknown,unknown,True,,,,0.0043,0.63,,,,
430,465,PSZ2_G098.62+51.76,222.82705019999997,59.33064875,14:51:18,+59:19:50.33,True,http://skyserver.sdss.org/dr13/en/tools/chart/navi.aspx?ra=222.827050&dec=59.330649&opt=S,MADE,4.5377,-1,-1,,-1,F,,,,,,unknown,unknown,True,,,,0.0005,0.12,,,,
431,836,PSZ2_G179.45-43.92,49.811718299999995,2.133676309,3:19:15,+02:08:01.23,True,http://skyserver.sdss.org/dr13/en/tools/chart/navi.aspx?ra=49.811718&dec=2.133676&opt=S,MADE,4.5372,-1,-1,,-1,F,,,,,,unknown,unknown,True,,,,0.0242,2.41,,,,
432,1049,PSZ2_G231.41+77.48,179.99671619999998,22.58082503,11:59:59,+22:34:50.97,True,http://skyserver.sdss.org/dr13/en/tools/chart/navi.aspx?ra=179.996716&dec=22.580825&opt=S,MADE,4.537,-1,-1,,-1,F,,,,,,unknown,unknown,True,,,,0.0007,0.16,,,,
433,94,PSZ2_G027.92+15.54,266.76719269999995,2.7115199939999997,17:47:04,+02:42:41.47,False,,,4.5358,69,-1,,-1,F,PSZ1_G027.95+15.63,,,,,unknown,unknown,True,,0.0257,2.31,0.0042,0.49,69.0,94.0,4.5360000000000005,4.7669999999999995
434,51,PSZ2_G017.72-51.40,328.7492675,-30.13246736,21:55:00,-30:07:57,False,,,4.5355,-1,-1,,-1,F,,,,,,unknown,unknown,True,,,,-0.0053,-1.7,,,,
435,242,PSZ2_G058.31+41.96,249.05078319999998,36.0554112,16:36:12,+36:03:19.48,True,http://skyserver.sdss.org/dr13/en/tools/chart/navi.aspx?ra=249.050783&dec=36.055411&opt=S,MADE,4.5354,-1,-1,,-1,F,,,,,,unknown,unknown,True,,,,0.0098,1.76,,,,
436,973,PSZ2_G215.75-32.97,73.79704462,-16.5572814,4:55:11,-16:33:26,False,,,4.5343,-1,-1,,-1,F,,,,,,unknown,unknown,True,,,,-0.0036,-0.94,,,,
437,937,PSZ2_G208.57-44.31,60.67467933,-15.67325196,4:02:42,-15:40:24,False,,,4.5291,-1,-1,,-1,F,,,,,,unknown,unknown,True,,,,-0.0052,-1.9,,,,
438,1054,PSZ2_G232.27+12.59,123.1989488,-10.85057861,8:12:48,-10:51:02,False,,,4.5194,-1,-1,,-1,F,,,,,,unknown,unknown,True,,,,0.0222,2.17,,,,
439,727,PSZ2_G149.73+24.49,102.66399179999999,65.77753851,6:50:39,+65:46:39.13,True,http://skyserver.sdss.org/dr13/en/tools/chart/navi.aspx?ra=102.663992&dec=65.777539&opt=S,MADE,4.5191,-1,-1,,-1,T,,,,,,unknown,unknown,True,,,,-0.004,-1.37,,,,
440,1593,PSZ2_G340.97+34.18,225.456067,-18.87879245,15:01:49,-18:52:44,False,,,4.5186,-1,-1,,-1,F,,,,,,unknown,unknown,False,,,,-0.002,-0.5,,,,
441,1511,PSZ2_G321.08-17.96,257.92834320000003,-70.92640488,17:11:43,-70:55:35,False,,,4.5181,-1,-1,,-1,F,,,,,,unknown,unknown,False,,,,-0.009000000000000001,-1.24,,,,
442,1535,PSZ2_G325.86-33.56,306.4915892,-69.23865390000002,20:25:58,-69:14:19,False,,,4.5176,-1,-1,,-1,F,,,,,,unknown,unknown,False,,,,-0.0094,-1.48,,,,
443,747,PSZ2_G153.80+33.79,124.5597121,62.68201591,8:18:14,+62:40:55.25,False,,,4.5162,-1,-1,,-1,F,,,,,,unknown,unknown,True,,,,0.0039,0.71,,,,
444,1095,PSZ2_G241.98+19.56,134.45576780000002,-14.741999900000001,8:57:49,-14:44:31,False,,,4.5144,-1,-1,,-1,F,,,,,,unknown,unknown,True,,,,-0.0019,-0.48,,,,
445,284,PSZ2_G067.21-20.49,318.3644835,18.05786468,21:13:27,+18:03:28.31,True,http://skyserver.sdss.org/dr13/en/tools/chart/navi.aspx?ra=318.364484&dec=18.057865&opt=S,MADE,4.5139,-1,-1,,-1,F,,,,,,unknown,unknown,True,,,,-0.0006,-0.13,,,,
446,789,PSZ2_G165.41+25.93,110.98842909999999,52.1545359,7:23:57,+52:09:16.32,False,,,4.5118,-1,-1,,-1,F,,,,,,unknown,unknown,True,,,,-0.0009,-0.19,,,,
447,1061,PSZ2_G233.43-15.36,97.68078795,-24.92879331,6:30:43,-24:55:44,False,,,4.5079,-1,-1,,-1,F,,,,,,unknown,unknown,True,,,,-0.0064,-2.6,,,,
448,1503,PSZ2_G318.54-07.62,232.9243144,-65.52135681,15:31:42,-65:31:17,False,,,4.5038,-1,-1,,-1,F,,,,,,unknown,unknown,False,,,,0.0086,0.95,,,,
449,648,PSZ2_G131.27-25.82,22.20494032,36.44472575,1:28:49,+36:26:41.01,True,http://skyserver.sdss.org/dr13/en/tools/chart/navi.aspx?ra=22.204940&dec=36.444726&opt=S,MADE,4.5022,-1,-1,,-1,F,,,,,,unknown,unknown,True,,,,-0.0001,-0.02,,,,
