objid,ramean,decmean,gmeanpsfmag,gmeanpsfmagerr,rmeanpsfmag,rmeanpsfmagerr,imeanpsfmag,imeanpsfmagerr,imeankronmag,zmeanpsfmag,zmeanpsfmagerr,ymeanpsfmag,ymeanpsfmagerr,gmeanpsfmagnpt,rmeanpsfmagnpt,imeanpsfmagnpt,zmeanpsfmagnpt,gflags,gqfperfect,rflags,rqfperfect,iflags,iqfperfect,zflags,zqfperfect
195463525268537808,352.52686536,72.88917547,21.8092994689941,0.0275279991328716,20.4571990966797,0.052666999399662,19.6742000579834,0.0269230008125305,19.0695991516113,19.2229995727539,0.0326489992439747,18.7681007385254,0.0186190009117126,3,14,9,9,115000,0.999625027179718,16892216,0.999161005020142,16892216,0.999557971954346,16892216,0.998809993267059
195523523921341517,352.392414,72.93396679,21.6009998321533,0.0852629989385605,20.1406002044678,0.0421999990940094,19.3826999664307,0.0631150007247925,18.5566997528076,19.0351009368896,0.0494280010461807,18.557300567627,0.0330040007829666,3,18,14,10,16892216,0.99930602312088,16892216,0.999619007110596,16892216,0.999633014202118,16892216,0.999675989151001
195563519911627101,351.99121379,72.9719342,20.9771003723145,0.0454970002174377,19.6511001586914,0.0268569998443127,18.8656997680664,0.0384790003299713,18.3027992248535,18.4405994415283,0.0321170017123222,18.0480995178223,0.0378899984061718,10,11,10,11,16892216,0.999441027641296,16892216,0.999876976013184,16892216,0.999392986297607,16892216,0.999652981758118
195563521449664591,352.1451052,72.96983348,21.6543006896973,0.036286998540163,20.7798004150391,0.0591459982097149,20.0953006744385,0.0362920016050339,19.3659000396729,19.709400177002,0.0255789998918772,19.387300491333,0.0767830014228821,2,9,15,13,16892216,0.998737990856171,16892216,0.999904990196228,16892216,0.999463021755219,16892216,0.999882996082306
195483523183640205,352.31856647,72.89956661,21.7262992858887,0.0718299970030785,20.9430999755859,0.0623719990253448,20.3544006347656,0.0173119995743036,19.8528995513916,20.0091991424561,0.0395679995417595,19.5025005340576,0.0963499993085861,2,16,15,15,16892216,0.999328017234802,16892216,0.999490022659302,16892216,0.999615013599396,16892216,0.999207019805908
195783512952303320,351.29505835,73.15225404,21.7569007873535,0.263830989599228,20.9249000549316,0.0866530016064644,20.6229000091553,0.0835720002651215,19.4792003631592,20.195499420166,0.173242002725601,19.3334999084473,0.174482002854347,2,9,5,4,280,0.999019980430603,16777496,0.99965101480484,16777496,0.999661982059479,16777496,0.999630987644196
195723513799788224,351.3795463,73.10619906,21.4613990783691,0.176386997103691,21.2199993133545,0.0606309995055199,20.9533004760742,0.0737380012869835,20.3241004943848,20.165599822998,0.198664993047714,-999,-999,1,2,6,1,16892216,0.997816026210785,16892216,0.999664008617401,16892216,0.99965900182724,114992,0.992542028427124
195743514746553413,351.47459221,73.11885659,17.9682998657227,0.00750999990850687,17.3302001953125,0.00406999979168177,16.9901008605957,0.00661200005561113,16.4829006195068,16.8327007293701,0.00980699993669987,16.6182994842529,0.0108829997479916,11,8,5,9,115000,0.999764025211334,115000,0.999715983867645,16892216,0.99965900182724,115000,0.999692022800446
195753514684172411,351.46814583,73.12638917,21.4501991271973,0.178405001759529,20.8675003051758,0.0190399996936321,20.513599395752,0.0505089983344078,19.9232006072998,20.2492008209229,0.219916999340057,18.744499206543,0.0492880009114742,1,3,7,2,115000,0.997986972332001,16892216,0.999719977378845,16892216,0.999671995639801,16892216,0.99891597032547
195743514490038397,351.44884425,73.12306327,21.7586994171143,0.171489000320435,20.9048004150391,0.14886400103569,20.1854000091553,0.0460770018398762,19.6338996887207,20.050500869751,0.0405759997665882,19.0732002258301,0.115690998733044,1,4,3,9,115000,0.878288984298706,16892216,0.998925983905792,16892216,0.999119997024536,16892216,0.99904602766037
195623514869423263,351.48686163,73.01869788,19.5491008758545,0.0207739993929863,18.8052997589111,0.0418099984526634,18.3125,0.0104000000283122,17.4185009002686,17.9731006622314,0.00215899990871549,17.7240009307861,0.0154090002179146,12,8,10,3,115000,0.999301016330719,115000,0.99922901391983,115000,0.999647974967957,16892216,0.999702990055084
195653518645498465,351.86470585,73.04808252,21.6875991821289,0.0556549988687038,20.6273002624512,0.100157998502254,19.8393001556396,0.0387689992785454,19.1345996856689,19.6599998474121,0.0533780008554459,19.1783008575439,0.0964019969105721,3,9,10,8,16892216,0.999283015727997,16892216,0.999446988105774,16892216,0.999303996562958,16892216,0.999737977981567
195703514506878894,351.45080426,73.09001089,21.6888008117676,0.0574450008571148,20.9442005157471,0.0990040004253387,20.2236003875732,0.0525109991431236,19.7070007324219,19.9365997314453,0.0613379999995232,19.6476001739502,0.217520996928215,5,8,14,14,16793912,0.999293029308319,16892216,0.99923700094223,16892216,0.999319016933441,16892216,0.999257028102875
195693514145827984,351.41451019,73.08097921,21.50119972229,0.0777029991149902,19.8083992004395,0.0234260000288486,19.0083999633789,0.0377269983291626,18.038200378418,18.6933002471924,0.0381500013172627,18.1860008239746,0.0535699985921383,10,11,7,7,16892216,0.999373018741608,16892216,0.999800980091095,16892216,0.999754011631012,16892216,0.999275028705597
195693514271515447,351.42720806,73.07883684,21.4897994995117,0.0752319991588593,20.30299949646,0.0455349981784821,19.5884990692139,0.104603998363018,18.6867008209229,19.3022003173828,0.0384539999067783,18.8509998321533,0.0482290014624596,4,7,10,11,16892216,0.999363005161285,16892216,0.999185979366302,16892216,0.99939900636673,16892216,0.999055027961731
195693514755969971,351.47547068,73.08263169,21.8080005645752,0.1893640011549,20.9057006835938,0.0674899965524673,20.1268997192383,0.0287849996238947,19.5851993560791,19.7320995330811,0.0449110008776188,19.2861003875732,0.0552630014717579,1,10,12,11,16793912,0.999360024929047,16892216,0.999080002307892,16892216,0.999418973922729,16892216,0.999629974365234
195563515993533003,351.59923622,72.96852087,19.00119972229,0.00800199992954731,18.2499008178711,0.00777600007131696,17.8906002044678,0.0176049992442131,17.3892002105713,17.7119998931885,0.0136730000376701,17.3635005950928,0.0234919991344213,5,8,9,7,16892216,0.998811006546021,16892216,0.999584019184113,16892216,0.99946802854538,16892216,0.999652981758118
195613519201156458,351.92027664,73.01298115,21.8365001678467,0.185712993144989,21.0715007781982,0.0594029985368252,20.6175003051758,0.0635970011353493,20.0625,20.1378993988037,0.0507169999182224,19.6909008026123,0.124704003334045,1,8,13,12,115768,0.999202013015747,16892216,0.999328017234802,16892216,0.999704003334045,16892216,0.999840974807739
195573519266908272,351.92682449,72.98133514,21.8441009521484,0.188620999455452,21.3899002075195,0.0942379981279373,20.8815002441406,0.0670469999313354,20.0701007843018,20.5177993774414,0.0491200014948845,-999,-999,1,5,9,6,115000,0.998748004436493,16892216,0.999056994915009,16892216,0.999657988548279,16892216,0.999607026576996
195913506772590206,350.67723845,73.25787169,21.6105003356934,0.0708670020103455,20.7304992675781,0.0442950017750263,20.1179008483887,0.0317029990255833,19.5886001586914,19.590799331665,0.03931700065732,19.1587009429932,0.0601699985563755,2,15,16,15,16892216,0.994993984699249,115000,0.999661028385162,16892216,0.999494016170502,16892216,0.999611020088196
195833509368999978,350.93674564,73.19934747,20.6977996826172,0.180207997560501,19.4195003509521,0.0253430008888245,18.8432006835938,0.0488220006227493,18.201000213623,18.4162998199463,0.0283410008996725,18.1429004669189,0.0166059993207455,6,15,13,7,115000,0.999421000480652,16892216,0.999669015407562,16892216,0.999351978302002,16892216,0.998993992805481
195753512667371481,351.26715778,73.12546726,20.1077003479004,0.029279999434948,19.2021007537842,0.0174480006098747,18.6413993835449,0.0250010006129742,17.7618999481201,18.3696002960205,0.0167989991605282,18.3171997070313,0.0332099981606007,10,11,7,7,16892216,0.999661028385162,16892216,0.999670028686523,16892216,0.999711990356445,16892216,0.999738991260529
195653511691718317,351.16883991,73.04781665,21.4785003662109,0.173382997512817,21.0727996826172,0.0819640010595322,20.3969993591309,0.0311370007693768,19.7593994140625,20.3050003051758,0.0494850017130375,19.590799331665,0.0646720007061958,1,6,11,7,16696,0.998690009117126,16892216,0.998989999294281,16892216,0.999671995639801,16892216,0.998394012451172
195703512889061974,351.2888049,73.08430102,21.3992004394531,0.164030998945236,20.6795997619629,0.36209100484848,21.0506000518799,0.0939939990639687,20.122200012207,20.8190002441406,0.106129996478558,20.0191993713379,0.15871599316597,1,2,9,3,16892216,0.99922901391983,115000,0.997563004493713,115000,0.999392986297607,115000,0.998432993888855
195763510200494444,351.02004539,73.13639951,20.2684993743896,0.0491649992763996,19.5144004821777,0.0163260009139776,19.1508007049561,0.0241950005292892,-999,18.9290008544922,0.0178350005298853,18.6646003723145,0.10351300239563,1,5,13,8,115000,0.999049007892609,115000,0.998974978923798,115000,0.999677002429962,115000,0.999710977077484
195863539724593346,353.97250225,73.21883017,20.1683006286621,0.000838999985717237,19.4256000518799,0.054637998342514,19.1091003417969,0.0141030000522733,-999,18.8887004852295,0.0187710002064705,18.5603008270264,0.0791110023856163,3,5,6,10,16892216,0.99965500831604,115000,0.999508023262024,115000,0.999612987041473,16892216,0.999450027942657
195873539529799882,353.95301969,73.23259727,19.6734008789063,0.028209000825882,18.5932998657227,0.0255440007895231,17.9836006164551,0.0265939999371767,17.3824005126953,17.5974006652832,0.00906800013035536,17.3537006378174,0.0283809993416071,6,10,10,6,16892216,0.999695003032684,16892216,0.99922502040863,16892216,0.999559998512268,16892216,0.999186992645264
195793538994795661,353.89962233,73.16247865,19.6488990783691,0.0248819999396801,19.0351009368896,0.0268329996615648,18.9004001617432,0.0261170007288456,18.3295993804932,18.6900997161865,0.0208609998226166,18.4337005615234,0.0350890010595322,5,11,6,7,16892216,0.999207019805908,16892216,0.999836981296539,16892216,0.99992299079895,16892216,0.999153017997742
195773542780348525,354.27823487,73.14810564,20.2476997375488,0.0715959966182709,19.3213996887207,0.0320600010454655,18.6259002685547,0.0439519993960857,15.8233003616333,18.263599395752,0.0233720000833273,-999,-999,1,1,2,3,16892208,0.99753600358963,16892216,0.988452970981598,1080,0.998790979385376,115000,0.997640013694763
195793542156224593,354.21561268,73.16150329,20.9867992401123,0.0848039984703064,20.1137008666992,0.0488470010459423,19.7374000549316,0.0316700004041195,-999,19.4428997039795,0.0366399995982647,-999,-999,1,1,9,4,16892216,0.988820016384125,115000,0.998350024223328,16696,0.999629020690918,16892216,0.999094009399414
195853539490630898,353.94905722,73.20840117,21.7057991027832,0.148857995867729,21.7056007385254,0.190428003668785,21.4312000274658,0.124629996716976,-999,20.8866996765137,0.0456070005893707,19.3824996948242,0.17407600581646,1,1,3,2,16892216,0.998139977455139,115000,0.999028980731964,115000,0.998687982559204,115000,0.9981290102005
195553539473998384,353.94743188,72.96469849,20.5081005096436,0.0822400003671646,19.3836994171143,0.0277650002390146,18.7931995391846,0.0208669994026423,18.1907997131348,18.5384998321533,0.0353580005466938,18.2028999328613,0.0344039984047413,10,13,9,7,16892216,0.999559998512268,16892216,0.999602019786835,16892216,0.999262988567352,16892216,0.999486982822418
195583542844906735,354.28432066,72.98829476,20.7716007232666,0.0524780005216599,19.9232006072998,0.0709670037031174,19.49169921875,0.0294170007109642,18.2665996551514,19.2546005249023,0.057303000241518,18.944299697876,0.0363599993288517,6,9,9,8,16892216,0.99957400560379,16892216,0.999633014202118,16892216,0.999141991138458,16892216,0.998956978321075
195653538717627739,353.87150758,73.04742358,21.1292991638184,0.0313780009746552,19.8903007507324,0.0498399995267391,19.2681999206543,0.0379099994897842,18.4860000610352,18.9286994934082,0.034850999712944,18.5809001922607,0.0452620014548302,4,13,11,10,16892216,0.999455988407135,16892216,0.999453008174896,16892216,0.999714016914368,16892216,0.999200999736786
195693539203745292,353.92047198,73.07872768,19.9638004302979,0.027276000007987,19.4552993774414,0.054297000169754,19.2581996917725,0.0161199998110533,16.8125991821289,19.1716995239258,0.0362100005149841,-999,-999,4,3,5,4,115000,0.99872899055481,115000,0.998833000659943,115000,0.998941004276276,115000,0.998386979103088
195623539203198841,353.92023153,73.02340506,21.3682994842529,0.0437400005757809,20.4477996826172,0.204186007380486,19.9689998626709,0.121751002967358,19.2586002349854,20.0450000762939,0.0354899987578392,19.6909008026123,0.125092998147011,4,2,2,4,115000,0.998736023902893,16793912,0.999283015727997,16892216,0.99838799238205,16892216,0.998165011405945
195663543369122523,354.33696573,73.05144549,22.0184001922607,0.170706003904343,21.1124000549316,0.0680050030350685,20.6420001983643,0.040778998285532,19.9039001464844,20.2047996520996,0.044769998639822,19.8481006622314,0.145699992775917,1,6,10,11,16892216,0.998598992824554,16892216,0.999158024787903,16892216,0.999711990356445,16892216,0.999682009220123
195623544425158230,354.44262399,73.02288166,20.6012001037598,0.0550080016255379,19.9666004180908,0.0312599986791611,19.4808006286621,0.0364920012652874,18.8034992218018,19.2761993408203,0.0460480004549026,19.114200592041,0.0378030017018318,11,10,10,12,16892216,0.999675989151001,16892216,0.999696016311646,16892216,0.99950897693634,16892216,0.998971998691559
195773544034271054,354.4033896,73.1419194,21.453800201416,0.0424400009214878,20.8456001281738,0.0469029992818832,20.4626998901367,0.0543420016765594,19.5818996429443,20.3083000183105,0.100496999919415,19.7726001739502,0.210706993937492,2,4,10,6,115000,0.99932599067688,16892216,0.998764991760254,16892216,0.999275982379913,16892216,0.99924099445343
195713543986633438,354.39864652,73.09387694,21.1396007537842,0.0338039994239807,19.506799697876,0.0513929985463619,18.673900604248,0.0297989994287491,17.4615993499756,18.2833003997803,0.0174160003662109,17.6606998443604,0.0178599990904331,2,7,5,5,16892216,0.99956601858139,115000,0.999200999736786,16892216,0.999144017696381,115000,0.999629020690918
196263524830971359,352.48308654,73.55061127,21.7912006378174,0.174489006400108,21.4692993164063,0.0936089977622032,21.3358993530273,0.103793002665043,20.8050003051758,20.4806995391846,0.161930993199348,-999,-999,1,4,6,1,115000,0.998843014240265,115000,0.999212026596069,16892216,0.999440014362335,115000,0.997115015983582
196103525114398738,352.51140951,73.42332434,21.3372993469238,0.0500749982893467,20.2388000488281,0.030027000233531,19.5911998748779,0.0259579997509718,19.0207996368408,19.2159996032715,0.0404909998178482,18.9057998657227,0.0813350006937981,10,17,10,12,16892216,0.99957001209259,16892216,0.999632000923157,16892216,0.999580979347229,16892216,0.999614000320435
196123526488264500,352.64889984,73.43645439,21.81369972229,0.174309000372887,21.1954002380371,0.0800599977374077,20.7080993652344,0.0682040005922318,20.1082000732422,20.3813991546631,0.112471997737885,20.1805000305176,0.178959995508194,1,8,15,8,115000,0.998831987380981,16892216,0.999134004116058,16892216,0.999526977539063,16892216,0.999502003192902
195913527550064435,352.75518976,73.26146023,21.7357006072998,0.0555040016770363,20.8295993804932,0.0663589984178543,20.4834003448486,0.0737050026655197,19.5261001586914,20.2658996582031,0.0479019992053509,19.6070995330811,0.169910997152328,4,8,10,7,280,0.998924970626831,16777496,0.999455988407135,16777496,0.999665021896362,16777496,0.999203979969025
196063525411060639,352.54108651,73.38324528,20.4060001373291,0.0809149965643883,19.7154006958008,0.00821600016206503,19.2604999542236,0.0343739986419678,-999,18.9423007965088,0.0345479995012283,18.6051998138428,0.0759539976716042,1,3,5,4,16696,0.986606001853943,16696,0.995504021644592,115000,0.998871982097626,115000,0.998742997646332
195933526761799449,352.67625726,73.28225796,21.4533996582031,0.0398349985480309,20.4561996459961,0.0613420009613037,19.8138008117676,0.0433139987289906,19.0007991790771,19.6846008300781,0.0435659997165203,19.2212009429932,0.0713870003819466,4,9,5,10,16892216,0.999345004558563,16892216,0.999303996562958,16892216,0.999800980091095,16892216,0.998964011669159
195963535727652638,353.57298331,73.30160471,20.3861999511719,0.00266500003635883,19.3915004730225,0.0252570006996393,18.8603000640869,0.0163000002503395,17.7486000061035,18.5998001098633,0.0299629997462034,-999,-999,2,3,2,3,115000,0.937847971916199,115000,0.99931800365448,115000,0.998961985111237,115000,0.99540501832962
196033534166126128,353.41679421,73.36275841,21.9547004699707,0.182133004069328,21.4563007354736,0.1144710034132,20.8696002960205,0.0674339979887009,20.1751003265381,20.5170993804932,0.119657002389431,19.4225997924805,0.185901001095772,1,4,14,5,16892216,0.998803019523621,115000,0.999665021896362,16892216,0.999656021595001,16892216,0.998902022838593
195983535296828122,353.52978478,73.32286671,21.6364994049072,0.0528439991176128,20.7280006408691,0.0564609989523888,20.05299949646,0.0469169989228249,19.3878993988037,19.7371006011963,0.0468610003590584,19.2679996490479,0.0740600004792213,4,12,12,7,16892216,0.999783992767334,16892216,0.99899297952652,16892216,0.999527990818024,16892216,0.998933970928192
196043533212298454,353.32157454,73.37294432,21.1671009063721,0.0633139982819557,20.340799331665,0.0496929995715618,19.8516998291016,0.0419609993696213,18.611400604248,19.5818004608154,0.0968279987573624,19.3486995697021,0.0385779999196529,6,10,9,7,16777496,0.999303996562958,16777496,0.999646008014679,16777496,0.99957001209259,16777496,0.99916398525238
196043532575381225,353.2577274,73.36708503,21.7175998687744,0.0615019984543324,21.5960006713867,0.0603540018200874,21.2530002593994,0.10470899939537,-999,21.1401996612549,0.175290003418922,-999,-999,4,4,3,1,115000,0.999700009822845,115000,0.999509990215302,115000,0.999182999134064,115000,0.996695995330811
196073531896159878,353.18970264,73.39926537,21.4729995727539,0.0853110030293465,20.6968994140625,0.0532310009002686,19.9862995147705,0.0329149998724461,19.277099609375,19.7975006103516,0.0347350016236305,19.3150005340576,0.0850050002336502,8,16,12,10,16892216,0.999916970729828,16892216,0.99991500377655,16892216,0.999351978302002,16892216,0.999035000801086
195933532403595612,353.24053208,73.27905862,21.6802997589111,0.16329500079155,20.6998996734619,0.054917000234127,20.3096008300781,0.0426919981837273,19.5806999206543,19.8953990936279,0.0695500001311302,-999,-999,1,7,5,3,16793912,0.998197972774506,16892216,0.999720990657806,16892216,0.999225974082947,115000,0.997296988964081
195953531991000561,353.19913301,73.29150657,19.2926998138428,0.0322580002248287,18.0002994537354,0.0208720006048679,17.2798004150391,0.0482919998466969,15.8249998092651,16.8358001708984,0.0185920000076294,16.4803009033203,0.0304199997335672,4,10,8,5,16892216,0.999781012535095,16892216,0.999552011489868,16892216,0.999764978885651,16892216,0.998582005500793
195983529252989233,352.92500933,73.3237064,21.6280002593994,0.189723998308182,20.4456996917725,0.036446999758482,19.7724990844727,0.0417070016264915,19.2441997528076,19.4139995574951,0.0802839994430542,18.9067001342773,0.0814210027456284,2,10,10,8,115000,0.999580979347229,16892216,0.999692976474762,16892216,0.999827980995178,16892216,0.999580979347229
195993529336945654,352.93411234,73.32904226,19.5109996795654,0.0152690000832081,18.330099105835,0.0136639997363091,17.8477001190186,0.0356509983539581,17.2192993164063,18.0660991668701,0.019395999610424,17.9248008728027,0.0269409995526075,7,7,6,1,16892216,0.999683976173401,16892216,0.999728977680206,16892216,0.999692022800446,114744,0.998673021793365
196003529615530403,352.96153561,73.3330344,19.7684001922607,0.0205940008163452,18.875,0.0454659983515739,18.5876007080078,0.0351549983024597,17.3211994171143,18.463399887085,0.0154189998283982,17.9062004089355,0.0677589997649193,6,5,8,7,115000,0.999231994152069,115000,0.999140024185181,115000,0.999400973320007,115000,0.998614013195038
195483528280799808,352.82810216,72.90751375,21.3318996429443,0.0761210024356842,19.9361991882324,0.0330599993467331,19.2208995819092,0.0505939982831478,18.2877006530762,18.8831005096436,0.0331460013985634,18.4375,0.0380030013620853,10,10,14,12,16892216,0.999634027481079,16892216,0.999634981155396,16892216,0.999584972858429,16892216,0.999781012535095
195523527376016272,352.73754753,72.93792002,21.0438995361328,0.0709759965538979,20.3675003051758,0.072904996573925,19.8267002105713,0.0542039982974529,19.0380992889404,19.5925006866455,0.0302789993584156,19.1888999938965,0.0527350008487701,7,6,11,12,16892216,0.99924099445343,16892216,0.999541997909546,16892216,0.999521970748901,16892216,0.999635994434357
195553530325103179,353.0324953,72.96033334,20.6874008178711,0.038332998752594,19.5816993713379,0.0195400007069111,18.9633007049561,0.035291001200676,18.2726993560791,18.675199508667,0.0269600003957748,18.2516994476318,0.0351050011813641,4,8,10,9,16892216,0.999328970909119,16892216,0.99922901391983,16892216,0.999679028987885,16892216,0.99888801574707
195573526070803823,352.60706405,72.97752457,21.4885997772217,0.0725430026650429,20.3103008270264,0.0495800003409386,19.8099002838135,0.053592998534441,19.1084003448486,19.3355007171631,0.0439760014414787,18.9148998260498,0.0634400025010109,7,11,10,8,16892216,0.999486982822418,16892216,0.999779999256134,16892216,0.999526023864746,16892216,0.999895989894867
195583527526633288,352.75252136,72.98540618,21.5564002990723,0.0717969983816147,20.0576000213623,0.0339460000395775,19.2830009460449,0.0332069993019104,18.5976009368896,18.8812999725342,0.0314880013465881,18.4256992340088,0.0512580014765263,5,9,11,11,16892216,0.999243021011353,16892216,0.999665975570679,16892216,0.99956601858139,16892216,0.999623000621796
195563526487709480,352.64841228,72.97392102,21.6233997344971,0.104889996349812,20.8820991516113,0.0646750032901764,20.4419002532959,0.0866890028119087,19.2651996612549,20.1884994506836,0.0521610006690025,19.5606994628906,0.171933993697166,2,8,9,7,16892216,0.999626994132996,16892216,0.999639987945557,16892216,0.99967497587204,16892216,0.99931401014328
195573527569675828,352.75709779,72.97927203,21.8409004211426,0.0242800004780293,20.9500999450684,0.0498640015721321,20.7639999389648,0.0412189997732639,20.2371997833252,20.4643993377686,0.0228259991854429,19.7665996551514,0.120734997093678,2,4,8,5,115000,0.998811006546021,16892216,0.998923003673553,16892216,0.999675989151001,16892216,0.998075008392334
195533537918831975,353.7919927,72.94274024,21.4444999694824,0.106839001178741,20.6392002105713,0.0636259987950325,20.25830078125,0.0451290011405945,19.6910991668701,20.0466995239258,0.0367060005664825,19.6431007385254,0.0542340017855167,5,12,13,13,16892216,0.999652028083801,16892216,0.999718010425568,16892216,0.999445974826813,16892216,0.999588012695313
195663532976301187,353.29774025,73.05030786,22.0132007598877,0.193884998559952,21.1700000762939,0.182616993784904,21.36549949646,0.138227000832558,20.7147006988525,20.8146991729736,0.059714000672102,-999,-999,1,5,5,3,115000,0.990947008132935,115000,0.998929977416992,16892216,0.999350011348724,16892216,0.998398005962372
195653532275692503,353.22781253,73.04313085,19.5238990783691,0.00336800003424287,18.735200881958,0.0369950011372566,18.5277996063232,0.0510229989886284,17.5216007232666,18.2914009094238,0.0139239998534322,17.8526000976563,0.0561630018055439,3,2,4,5,115000,0.999128997325897,16793912,0.998416006565094,115000,0.99863201379776,115000,0.999252021312714
195563532885160328,353.28846103,72.96630129,20.9451999664307,0.0608140006661415,20.161600112915,0.0299609992653131,19.7252006530762,0.0519069992005825,18.7887001037598,19.1770992279053,0.0343869999051094,18.8952007293701,0.0546789988875389,4,7,6,9,115000,0.99898898601532,16892216,0.99950897693634,16892216,0.999421000480652,16892216,0.999351024627686
195533533178279559,353.31785814,72.94901545,21.5407009124756,0.0438160002231598,20.3157997131348,0.0375659987330437,19.6338005065918,0.0287590008229017,18.9937000274658,19.2259998321533,0.0429139994084835,18.8607006072998,0.027114000171423,2,13,13,10,16892216,0.999734997749329,16892216,0.999633014202118,16892216,0.999608993530273,16892216,0.999598979949951
195813527739271882,352.77394392,73.17587342,21.8122997283936,0.0835470035672188,20.6903991699219,0.0468089990317822,19.9785995483398,0.0449410006403923,19.2434005737305,19.6732997894287,0.0403250008821487,19.3166999816895,0.0738189965486526,3,10,9,10,16892216,0.999105989933014,16892216,0.999669015407562,16892216,0.999710023403168,16892216,0.999755024909973
195753529215584352,352.92145502,73.12797122,21.1299991607666,0.0977889969944954,19.9691009521484,0.041278000921011,19.2525005340576,0.0438570007681847,16.4176006317139,19.2504005432129,0.0231170002371073,-999,-999,1,1,4,2,115000,0.99787700176239,16892216,0.999000012874603,16793912,0.999634981155396,115000,0.997569978237152
195753529009561611,352.90080625,73.12572865,19.343599319458,0.0130639998242259,18.4631004333496,0.00873200036585331,17.9130001068115,0.00557499984279275,15.3931999206543,17.5240993499756,0.0372130014002323,-999,-999,2,4,3,2,115000,0.99917197227478,98616,0.999044001102448,16892216,0.999148011207581,16892216,0.998053014278412
195693531152366318,353.11508411,73.07965662,21.6459007263184,0.089539997279644,21.4948997497559,0.161189004778862,21.4267997741699,0.0947830006480217,20.3705997467041,20.6245994567871,0.115732997655869,-999,-999,3,1,2,1,16892216,0.999037981033325,16892216,0.999104022979736,16892216,0.999512016773224,16892216,0.998373985290527
195643527876113730,352.78763267,73.03581957,21.9062004089355,0.0201779995113611,21.0806999206543,0.0481210015714169,20.3255004882813,0.0429820008575916,19.7597007751465,20.0118007659912,0.0386569984257221,19.4151992797852,0.0702420026063919,2,6,14,11,115000,0.999363005161285,16892216,0.999019980430603,16892216,0.999713003635406,16892216,0.999540984630585
195593530890468334,353.0889888,72.9979162,21.1450996398926,0.0891470015048981,20.1133995056152,0.0474420003592968,19.2765007019043,0.0239400006830692,18.3934001922607,18.834400177002,0.0192070007324219,18.279899597168,0.0497380010783672,1,4,8,6,16892216,0.998073995113373,16892216,0.999680995941162,115000,0.998663008213043,115000,0.999180972576141
195593530943995088,353.09420016,72.99518399,20.1056995391846,0.0388850010931492,19.6984996795654,0.0224729999899864,19.5205993652344,0.0321849994361401,17.4831008911133,19.0380992889404,0.0948240011930466,18.6872997283936,0.0677189975976944,1,2,7,6,16892216,0.99974000453949,16892216,0.999671995639801,16892216,0.999276995658875,115000,0.999100983142853
195583531277170429,353.12769493,72.98303459,19.9158000946045,0.0191990006715059,19.1742000579834,0.065140999853611,18.7837009429932,0.00986899994313717,18.0165996551514,18.6856002807617,0.0152540002018213,18.4570999145508,0.0581929981708527,7,8,7,10,16892216,0.999737977981567,115000,0.999342024326324,16892216,0.999397993087769,115000,0.999436974525452
195553531311365434,353.13115478,72.96221607,19.7005996704102,0.0409119985997677,18.7040004730225,0.0320510007441044,18.2901000976563,0.0800879970192909,15.8745002746582,18.221700668335,0.0141099998727441,17.6921997070313,0.0494159981608391,2,7,7,4,16892216,0.999177992343903,16892216,0.999423027038574,16892216,0.999559998512268,16892216,0.999525010585785
195563530935412561,353.09346599,72.9681329,21.4304008483887,0.0366489998996258,20.4923000335693,0.034086000174284,19.7254009246826,0.0655080005526543,18.7367992401123,19.253999710083,0.0299440007656813,18.8582000732422,0.0458980016410351,4,10,11,11,16892216,0.999557971954346,16892216,0.999764025211334,16892216,0.999055027961731,16892216,0.999230027198792
195603531765897089,353.17670286,73.00532247,18.1173000335693,0.0119829997420311,17.5767993927002,0.0393260009586811,17.1837997436523,0.00129599997308105,-999,17.0592002868652,0.0139250000938773,16.8341007232666,0.0208069998770952,2,2,3,6,16793912,0.980250000953674,115000,0.999664008617401,115000,0.99907398223877,115000,0.999140977859497
195753530585752388,353.05843448,73.12637722,21.5736999511719,0.0893289968371391,20.7080993652344,0.0513270013034344,20.267599105835,0.0422269999980927,19.6091003417969,19.9004993438721,0.0427649989724159,19.6868991851807,0.116444997489452,5,11,11,13,115000,0.999704003334045,16892216,0.999228000640869,16892216,0.99966698884964,16892216,0.999680995941162
195793530896046542,353.08953885,73.16300363,20.7761993408203,0.030120000243187,20.6002006530762,0.0473610013723373,20.7205009460449,0.0550290010869503,20.2138004302979,20.5287990570068,0.0488319993019104,19.9736003875732,0.149482995271683,6,10,11,9,16892216,0.999912977218628,16892216,0.99965900182724,16892216,0.999572992324829,16892216,0.99964702129364
195773530017531760,353.00167236,73.14248949,20.3281002044678,0.0204670000821352,19.4367008209229,0.0259739998728037,19.1308002471924,0.0306020006537437,18.596700668335,18.8624992370605,0.0202120002359152,18.3073997497559,0.0533219985663891,3,10,9,4,115000,0.99855500459671,115000,0.999660015106201,115000,0.999705970287323,115000,0.998802006244659
195893529230827288,352.92326369,73.24711944,19.2703990936279,0.0250669997185469,18.9267997741699,0.0199250001460314,18.3878002166748,0.0434239991009235,-999,18.3400001525879,0.0330579988658428,18.2852993011475,0.0814519971609116,1,1,3,5,16793912,0.991680979728699,16696,0.998749017715454,115000,0.999018013477325,115000,0.998901009559631
195893529086373128,352.90863777,73.24362812,20.5723991394043,0.0729930028319359,19.1842002868652,0.0199570003896952,18.2887001037598,0.0125860003754497,-999,17.8003005981445,0.00643499987199903,17.4039993286133,0.00802300032228231,1,8,10,10,16892216,0.949625015258789,115000,0.999527990818024,115000,0.999595999717712,115000,0.999700009822845
195843529173970374,352.91739977,73.19964362,20.0687999725342,0.0659950003027916,19.0161991119385,0.0415860004723072,18.3213005065918,0.0480899997055531,16.5053997039795,18.0443000793457,0.0599929988384247,17.6588001251221,0.0446869991719723,10,9,9,10,16892216,0.99922901391983,16892216,0.999346017837524,16892216,0.999664008617401,16892216,0.999664008617401
195553538201211043,353.82024739,72.95856652,19.7120990753174,0.0342019982635975,18.8279991149902,0.032930999994278,18.1371002197266,0.0438829995691776,17.0492992401123,17.8213005065918,0.0417939983308315,17.4736995697021,0.0417470000684261,6,9,12,11,16892216,0.999863982200623,16892216,0.999688029289246,16892216,0.999028027057648,16892216,0.999653995037079
195573537870605485,353.78699163,72.97889837,20.6903991699219,0.113305002450943,20.1408004760742,0.0932219997048378,19.7325992584229,0.0862440019845963,18.3486995697021,19.5312004089355,0.060639999806881,19.2098999023438,0.0476379990577698,3,7,10,9,16892216,0.999614000320435,16892216,0.999122023582459,16892216,0.999661028385162,16892216,0.999231994152069
195623537885086936,353.78851733,73.02184178,21.6238994598389,0.11021800339222,20.5142993927002,0.0429200008511543,19.5699996948242,0.0334689989686012,18.8906993865967,19.0347003936768,0.0298629999160767,18.6355991363525,0.0375589989125729,5,5,10,11,16892216,0.999554991722107,16892216,0.999481022357941,16892216,0.999431014060974,16892216,0.999745011329651
195633537822900231,353.78213901,73.02444664,21.8735008239746,0.171472996473312,21.0594997406006,0.17247499525547,21.0716991424561,0.101168997585773,20.4018993377686,20.6636009216309,0.10419899970293,-999,-999,1,4,5,3,115000,0.99848997592926,16892216,0.999597012996674,16892216,0.999046981334686,16892216,0.998322010040283
195583536762363074,353.6764084,72.98530644,21.137300491333,0.0671280026435852,20.0153007507324,0.0464310012757778,19.5582008361816,0.0352809987962246,18.871000289917,19.2828998565674,0.0331170000135899,18.9747009277344,0.0461749993264675,4,10,10,5,16892216,0.999571979045868,16892216,0.999683976173401,16892216,0.999630987644196,16892216,0.998398005962372
195733537073957273,353.70736159,73.1137687,20.4260997772217,0.047520000487566,19.418399810791,0.0574899986386299,18.9270000457764,0.027836000546813,17.6963996887207,18.6145000457764,0.0478289984166622,18.3223991394043,0.0570110008120537,7,13,8,8,16892216,0.999553978443146,16892216,0.999646008014679,16892216,0.999422013759613,16892216,0.999451994895935
195723534117785428,353.41219327,73.10396101,20.7667999267578,0,19.8255996704102,0.0623620003461838,19.319299697876,0.0221570003777742,17.9270992279053,18.7956008911133,0.0255939997732639,18.5160999298096,0.0607089996337891,1,7,7,6,16777528,0.999387979507446,16892216,0.999404013156891,16892216,0.999665975570679,16892216,0.999688982963562
195933536931930098,353.69330368,73.27444128,20.769100189209,0.0501479990780354,19.3588008880615,0.034485001116991,18.6243000030518,0.0238189995288849,17.7168998718262,18.2171001434326,0.0381550006568432,17.968599319458,0.0242069996893406,4,7,6,8,16892216,0.999460995197296,16892216,0.999671995639801,16892216,0.999716997146606,16892216,0.998941004276276
195943535450391881,353.54513207,73.28428247,21.3052997589111,0.0479589998722076,20.0074996948242,0.0739779993891716,19.5506992340088,0.0254009999334812,18.5858993530273,19.1573009490967,0.0579049997031689,18.7600002288818,0.0486899986863136,7,9,8,7,16892216,0.999643981456757,16892216,0.999445021152496,16892216,0.998825013637543,16892216,0.999606013298035
195923535380571700,353.53809441,73.26745662,20.3514995574951,0.0397129990160465,19.3227005004883,0.023615999147296,18.6686992645264,0.0383009985089302,17.7497005462646,18.2565002441406,0.00711299991235137,17.9911003112793,0.0314400009810925,8,9,13,6,16892216,0.999170005321503,16892216,0.999552011489868,16892216,0.999404013156891,16892216,0.999000012874603
195793537561932562,353.75606761,73.15979639,21.5643997192383,0.170585006475449,20.9587001800537,0.0906269997358322,20.8017997741699,0.0562519989907742,19.8458003997803,20.6690006256104,0.0849570035934448,-999,-999,4,8,15,7,16892216,0.99863600730896,16892216,0.999652981758118,16892216,0.999679028987885,16892216,0.998638987541199
195873536685362796,353.66867953,73.2267107,21.9069995880127,0.181548997759819,21.3201999664307,0.00763799995183945,21.0132007598877,0.0666050016880035,-999,20.5948009490967,0.0725480020046234,20.2472991943359,0.21450500190258,1,2,6,6,115000,0.998865008354187,115000,0.99923700094223,115000,0.998547971248627,115000,0.999006986618042
196223509686145946,350.96836787,73.52095754,18.2577991485596,0.000880000006873161,17.2926006317139,0.00718099996447563,16.7590999603271,0.0328029990196228,-999,16.392599105835,0.0140129998326302,16.0918006896973,0.0165490005165339,2,1,2,4,16696,0.998575985431671,16793912,0.997348010540009,16696,0.997548997402191,16892216,0.999328017234802
196263508349093309,350.83486133,73.55211126,21.5725994110107,0.225556001067162,20.608699798584,0.113424003124237,20.4468994140625,0.0640430003404617,19.7021007537842,20.3477001190186,0.0516449995338917,19.8511009216309,0.190850004553795,4,5,11,11,115000,0.999597012996674,16892216,0.99933397769928,16892216,0.999158978462219,16892216,0.99938702583313
196203505541555733,350.55354255,73.50418928,21.7569007873535,0.0670540034770966,20.7418003082275,0.0980620011687279,20.1242008209229,0.071834996342659,19.3183994293213,19.9650001525879,0.0650250017642975,19.4493007659912,0.101765997707844,4,10,8,12,16892216,0.999653995037079,16892216,0.999704003334045,16892216,0.99924498796463,16892216,0.999481022357941
196273506052746420,350.6052452,73.56304086,18.694299697876,0.0459319986402988,17.6063995361328,0.022427000105381,17.1117992401123,0.0487830005586147,15.7550001144409,16.636100769043,0.0130920000374317,16.2956008911133,0.0394259989261627,6,7,8,4,16892216,0.999477028846741,16892216,0.999490976333618,16892216,0.999083995819092,16892216,0.999701023101807
196273505963148000,350.59613423,73.5643526,21.7942008972168,0.166086003184319,21.1639003753662,0.0618189983069897,20.6051006317139,0.0392629988491535,19.8684997558594,20.3370990753174,0.0411360003054142,20.0419998168945,0.14801399409771,1,4,6,6,16793912,0.998812973499298,16892216,0.999128997325897,16892216,0.999100983142853,16892216,0.999346971511841
196353520364754511,352.03674459,73.62805639,21.6910991668701,0.0733209997415543,20.7301006317139,0.0345779992640018,20.1865997314453,0.0443629994988441,18.67799949646,19.9305000305176,0.0728479996323586,19.2329006195068,0.0777759999036789,2,6,8,7,16777496,0.997529983520508,16892216,0.999691009521484,16892216,0.99967497587204,16892216,0.99966698884964
196323520892084926,352.08932746,73.60346461,21.3862991333008,0.0433380007743835,20.294900894165,0.0549830012023449,19.698600769043,0.0499720014631748,18.7492008209229,19.6054992675781,0.0391540005803108,19.2709999084473,0.0542309992015362,5,8,8,9,16892216,0.999273002147675,16892216,0.999611973762512,16892216,0.999691009521484,16892216,0.999661982059479
196293519273094803,351.9273361,73.57833934,20.1117000579834,0.0421839989721775,19.3306999206543,0.0203499998897314,18.9531993865967,0.0175540000200272,18.1798992156982,18.7604999542236,0.0233989991247654,18.4426002502441,0.0261109992861748,6,5,10,8,115000,0.999328017234802,16892216,0.999191999435425,115000,0.999264001846313,115000,0.998997986316681
196353517341225094,351.73404619,73.62855094,21.0573997497559,0.034935001283884,20.0622997283936,0.0549600012600422,19.4200000762939,0.0275529995560646,18.8467998504639,19.1900005340576,0.0337119996547699,18.7926998138428,0.0556069985032082,10,11,11,9,16892216,0.999665975570679,16892216,0.999880015850067,16892216,0.999680995941162,16892216,0.999136984348297
196493510694016660,351.06939567,73.74655406,20.2409000396729,0.0240010004490614,19.7273006439209,0.0428089983761311,19.2057991027832,0.00507500022649765,-999,19.0783004760742,0.0758669972419739,-999,-999,5,2,3,3,115000,0.999656975269318,115000,0.999550998210907,16892216,0.99888402223587,115000,0.998264014720917
196523513588550845,351.35829128,73.76679413,20.2206001281738,0.0434760004281998,19.5044994354248,0.0420200005173683,19.1392993927002,0.0225489996373653,18.3020000457764,19.0023994445801,0.0764200016856194,18.7287998199463,0.0449270009994507,7,11,11,6,16892216,0.999594986438751,16892216,0.999642014503479,16892216,0.999719023704529,16892216,0.999639987945557
196513513576975288,351.3579339,73.76196783,20.7737007141113,0.0439449995756149,20.0883007049561,0.0616430006921291,19.6609992980957,0.0222379993647337,19.1179008483887,19.5727005004883,0.0330619998276234,19.1986999511719,0.0617239996790886,9,12,12,6,16892216,0.999469995498657,16892216,0.999428987503052,16892216,0.999680995941162,16892216,0.999705970287323
196493511824535278,351.18246579,73.74542047,21.8505001068115,0.190002992749214,21.5049991607666,0.205158993601799,21.4265995025635,0.165874004364014,-999,20.9535007476807,0.147001996636391,-999,-999,1,1,1,1,16892216,0.999446988105774,115000,0.99897700548172,115000,0.930083990097046,115000,0.996093988418579
196243511321826832,351.13209616,73.53842864,21.4652996063232,0.0633950009942055,20.4960994720459,0.116682000458241,19.7866992950439,0.0278319995850325,19.2203998565674,19.4657001495361,0.0392949990928173,18.9629001617432,0.0874840021133423,6,8,13,8,16892216,0.999855995178223,16892216,0.999907970428467,16892216,0.999792993068695,16892216,0.999571025371552
196263511470213263,351.14663518,73.5520687,21.672700881958,0.0721440017223358,21.1163005828857,0.157624006271362,20.6396999359131,0.0345880016684532,19.8672008514404,20.4843997955322,0.0507109984755516,-999,-999,3,3,6,6,115000,0.999716997146606,16892216,0.998597979545593,16892216,0.99865198135376,16892216,0.999338984489441
196383510344754817,351.03446861,73.65334938,21.2042007446289,0.170064002275467,21.5655002593994,0.188075006008148,20.8988990783691,0.0317380018532276,-999,20.5056991577148,0.031785000115633,20.0842990875244,0.163901001214981,1,1,4,4,16696,0.999787986278534,115000,0.998439013957977,16892216,0.99958997964859,115000,0.998700976371765
196363515165922287,351.51647421,73.63457352,21.5583992004395,0.13238400220871,21.1805000305176,0.134448006749153,20.4030990600586,0.0444490015506744,19.3167991638184,20.1788997650146,0.0943230018019676,19.7155990600586,0.150718003511429,1,4,12,7,16892216,0.999029994010925,16892216,0.999633014202118,16892216,0.999701976776123,16892216,0.999575972557068
196333515084079024,351.50879968,73.61538329,21.4125003814697,0.12745800614357,20.4095001220703,0.0556659996509552,19.9426002502441,0.0239940006285906,19.377799987793,19.7171001434326,0.0586550012230873,19.2385005950928,0.0306599996984005,2,9,12,8,16892216,0.999652028083801,16892216,0.999144971370697,16892216,0.998831987380981,16892216,0.999711990356445
196423515331989191,351.53313201,73.69036888,21.6956996917725,0.14469900727272,20.5713005065918,0.125211000442505,19.7266006469727,0.0735459998250008,-999,19.0009994506836,0.0186199992895126,18.4608993530273,0.0108890002593398,1,2,2,7,16696,0.997871994972229,115000,0.996003985404968,115000,0.999680995941162,115000,0.99889600276947
196423515452502011,351.54523494,73.68434445,21.0998001098633,0.0928469970822334,20.0694007873535,0.0861290022730827,19.3008995056152,0.0143240001052618,18.3430004119873,19.0844993591309,0.0239410009235144,18.4671001434326,0.0806529968976974,8,8,3,5,16892216,0.999691009521484,16892216,0.999674022197723,16892216,0.999047994613647,16892216,0.99856299161911
196373510170207642,351.01692988,73.64739543,21.6268005371094,0.159149006009102,20.5142993927002,0.124251000583172,20.176399230957,0.047350998967886,19.275899887085,20.0032997131348,0.0297710001468658,19.0158996582031,0.0191699992865324,1,3,8,5,16892216,0.999872028827667,16892216,0.999176025390625,16892216,0.99967497587204,16892216,0.998842000961304
196573503959848865,350.39592972,73.81509157,19.7000999450684,0.0428019985556602,18.8342990875244,0.0732460021972656,18.3787002563477,0.0249559991061687,17.4939994812012,18.1634006500244,0.0402599982917309,17.7626991271973,0.0293489992618561,2,8,12,8,16892216,0.999808013439178,16892216,0.998694002628326,16892216,0.999657988548279,16892216,0.998799026012421
196473509635867379,350.96354384,73.73054397,21.4913005828857,0.107272997498512,20.6067008972168,0.0824169963598251,20.1308002471924,0.0357000008225441,19.5865001678467,19.7959995269775,0.0552860014140606,19.5363998413086,0.0776970013976097,4,9,8,11,115000,0.999530017375946,16892216,0.999279022216797,16892216,0.999559998512268,16892216,0.99965900182724
196563506405974501,350.64053156,73.80309422,21.160400390625,0.0114359995350242,19.5685997009277,0.0316610001027584,19.0046005249023,0.0163819994777441,18.4402008056641,18.675500869751,0.0328879989683628,18.1611003875732,0.0284780003130436,2,6,6,5,16793912,0.999678015708923,16892216,0.999872028827667,16892216,0.999351978302002,16892216,0.999491989612579
196603506846681820,350.68462945,73.83399394,21.3036003112793,0.173032999038696,21.3003997802734,0.164520993828774,20.7541007995605,0.0481720007956028,19.9575004577637,20.960599899292,0.18776099383831,-999,-999,1,1,6,1,16892216,0.998942017555237,16892216,0.999575972557068,16892216,0.999166011810303,16892216,0.997900009155273
196523504060701822,350.40573895,73.76753855,21.4904003143311,0.0926759988069534,20.5939998626709,0.0857710018754005,19.9157009124756,0.0415720008313656,19.0550003051758,19.733699798584,0.0882249996066093,19.2490997314453,0.115881003439426,7,9,10,10,16892216,0.999750971794128,16892216,0.999279975891113,16892216,0.999692976474762,16892216,0.999131977558136
196523505809629647,350.58089058,73.77406232,19.9531993865967,0.104386001825333,18.953800201416,0.0509620010852814,18.6993999481201,0.0225280001759529,15.7578001022339,18.7912998199463,0.019751999527216,-999,-999,3,4,4,2,16892216,0.999756991863251,115000,0.998946011066437,16892216,0.999701976776123,16793912,0.998215973377228
196413505453051510,350.54526738,73.67559324,20.4414005279541,0.0646679997444153,19.5023002624512,0.011481000110507,19.3638000488281,0.0254289992153645,-999,19.078800201416,0.0265079997479916,18.6674003601074,0.0259569995105267,4,3,4,7,115000,0.999648988246918,16892216,0.999113976955414,16892216,0.998219013214111,16892216,0.998979985713959
196433508684715023,350.86840449,73.69528034,21.9246997833252,0.0161559991538525,21.431999206543,0.165147006511688,21.364200592041,0.114496998488903,-999,20.7562999725342,0.175756007432938,-999,-999,2,1,3,1,115000,0.99863201379776,115000,0.993938982486725,115000,0.996963977813721,115000,0.998659014701843
196433506597373350,350.6596366,73.69380955,19.823299407959,0.0507830008864403,18.7831001281738,0.0514120012521744,18.2537994384766,0.0108979996293783,17.5865993499756,18.0207004547119,0.0106239998713136,17.6163005828857,0.0170389991253614,3,3,11,13,115000,0.999495029449463,115000,0.998975992202759,115000,0.999635994434357,115000,0.99932998418808
196473506239091621,350.62351484,73.72567984,21.7488994598389,0.199269995093346,20.9978008270264,0.101319000124931,20.7602996826172,0.0815880000591278,20.1305999755859,20.6002006530762,0.167253002524376,-999,-999,1,7,8,1,16777488,0.997533023357391,16777496,0.999405026435852,16777496,0.999682009220123,16777496,0.948916971683502
196473506326620753,350.63262608,73.72499681,20.9962005615234,0.0120769999921322,19.9883003234863,0.0249739997088909,19.5526008605957,0.0311249997466803,18.9465999603271,19.4575996398926,0.0161160007119179,18.8355007171631,0.0589930005371571,5,10,11,3,16892216,0.999251008033752,16892216,0.999243021011353,16892216,0.999324977397919,16892216,0.999300003051758
196243523474925904,352.34749225,73.53762714,21.9521999359131,0.199690997600555,21.5212001800537,0.0179270002990961,21.6191005706787,0.182307004928589,-999,21.1040000915527,0.109215997159481,-999,-999,1,2,1,2,115000,0.997564971446991,115000,0.999714016914368,115000,0.997825980186462,115000,0.9983149766922
196113523606463655,352.36061971,73.42730845,21.5746994018555,0.000296000012895092,21.0594005584717,0.0837519988417625,20.3460006713867,0.0460829995572567,19.7525005340576,19.9759006500244,0.0371100008487701,19.3906993865967,0.0559629984200001,2,6,10,12,115000,0.999723017215729,16892216,0.999284029006958,16892216,0.999701976776123,16892216,0.999270021915436
196183523291942893,352.32910653,73.48507408,20.1359004974365,0.0664860010147095,19.1208992004395,0.0302889999002218,18.5571994781494,0.0570579990744591,16.8437004089355,18.1390991210938,0.0448930002748966,17.7215003967285,0.0406359992921352,12,11,11,10,16892216,0.999713003635406,16892216,0.999382019042969,16892216,0.999539971351624,16892216,0.998642981052399
196143522209787347,352.22088517,73.45549733,20.0930995941162,0.0329709984362125,19.1058006286621,0.0162080004811287,18.5932998657227,0.0358310006558895,17.6502990722656,18.3416004180908,0.0463550016283989,18.1371994018555,0.020618999376893,7,9,10,8,16892216,0.999548017978668,16892216,0.999795973300934,16892216,0.999312996864319,16892216,0.999092996120453
196153522439520318,352.24393221,73.45795631,20.5566997528076,0.0258869994431734,19.4312992095947,0.0178590007126331,18.7705001831055,0.0237019993364811,18.157600402832,18.4762001037598,0.0269499998539686,17.9678001403809,0.0595550015568733,4,4,6,5,16892216,0.999742984771729,16892216,0.999907970428467,16892216,0.999303996562958,16892216,0.998659014701843
196203512225558654,351.22250687,73.50656155,20.8901996612549,0.0545249991118908,19.7285003662109,0.0356810018420219,18.9911994934082,0.0188449993729591,18.4761009216309,18.7509994506836,0.0349459983408451,18.391300201416,0.0432670004665852,11,8,6,8,16892216,0.99967497587204,16892216,0.999319016933441,16892216,0.998678982257843,16892216,0.999665021896362
196153517202675065,351.72025164,73.46185063,21.319299697876,0.0335070006549358,20.5196990966797,0.0773179978132248,19.8803997039795,0.0220849998295307,19.1665992736816,19.6965007781982,0.0790710002183914,19.3747997283936,0.0649069994688034,6,5,5,7,16892216,0.999697029590607,16892216,0.999660015106201,16892216,0.99931001663208,16892216,0.999660015106201
196123515768124652,351.57700598,73.43656708,21.136999130249,0.0651839971542358,19.965799331665,0.0368890017271042,19.5638008117676,0.0128809995949268,18.5230007171631,19.346399307251,0.0418629981577396,18.8519992828369,0.0527909994125366,3,10,6,10,16892216,0.99949699640274,16892216,0.999442994594574,16892216,0.99951297044754,16892216,0.999917984008789
196113515887423994,351.58861051,73.427722,21.4178009033203,0.0523330010473728,20.8409004211426,0.0571210011839867,20.5487995147705,0.0520390011370182,19.9706993103027,20.3959007263184,0.0613210014998913,-999,-999,7,10,11,7,16892216,0.999260008335114,16892216,0.99941098690033,16892216,0.998919010162354,16892216,0.999619007110596
196243514480005552,351.44779008,73.53730166,21.1678009033203,0.033525001257658,21.1026000976563,0.0696149989962578,20.7029991149902,0.0180900003761053,20.0991992950439,20.502799987793,0.0268450006842613,-999,-999,3,4,2,3,16892216,0.998920977115631,16793912,0.998897016048431,16892216,0.998750984668732,16892216,0.999184012413025
196213517061706907,351.70629601,73.51344275,21.3099002838135,0.091000996530056,20.0317001342773,0.0390079990029335,19.4078998565674,0.0422229990363121,18.7793998718262,19.0112991333008,0.0300980005413294,18.7283000946045,0.149698004126549,9,9,12,5,16892216,0.999372005462646,16892216,0.999324023723602,16892216,0.998893976211548,16892216,0.99957799911499
196163515761145953,351.57620743,73.47096688,21.3134994506836,0.0296299997717142,20.0856990814209,0.0374809987843037,19.7653007507324,0.0352080017328262,19.0475006103516,19.4171009063721,0.0308149997144938,19.0872993469238,0.0988359972834587,8,12,9,9,115000,0.999673008918762,16892216,0.999799013137817,16892216,0.998708009719849,16892216,0.999614000320435
196063519169264583,351.9173452,73.38660856,21.7707004547119,0.0857359990477562,20.7866992950439,0.0634739995002747,20.2975997924805,0.109159998595715,19.1364994049072,20.2952003479004,0.238815993070602,19.6746997833252,0.26860499382019,3,8,4,2,16777496,0.999568998813629,16777496,0.999477982521057,16777496,0.998979985713959,16777496,0.998260021209717
196063519179134823,351.9178341,73.3865258,21.4058990478516,0.118807002902031,20.5191993713379,0.0759679973125458,20.2001991271973,0.07863599807024,19.0601005554199,19.8687992095947,0.0648069977760315,19.1299991607666,0.0270589999854565,6,5,10,7,16892216,0.999428987503052,16892216,0.999531984329224,16892216,0.99964702129364,16892216,0.999078989028931
195983521398595142,352.13961226,73.32028525,21.7875003814697,0.189380005002022,21.028600692749,0.117224998772144,20.6359996795654,0.0828239992260933,20.1291999816895,20.5093002319336,0.0859199985861778,20.1492004394531,0.186974003911018,1,7,8,6,115000,0.877852022647858,16892216,0.999375998973846,16892216,0.999122977256775,115000,0.999140977859497
196113519550405558,351.95516078,73.4290363,21.7486000061035,0.158943995833397,21.2773990631104,0.0419169999659061,20.8229007720947,0.0789730027318001,20.1236991882324,20.4937992095947,0.0371459983289242,19.7180995941162,0.113352000713348,1,5,13,11,16892216,0.998456001281738,16892216,0.998879015445709,16892216,0.999710977077484,16892216,0.99905002117157
196143517977285409,351.79794196,73.45386058,21.8201999664307,0.00921399984508753,20.9631996154785,0.0454269982874393,20.4647006988525,0.0431189984083176,19.9361000061035,20.1513996124268,0.0552170015871525,19.7346000671387,0.0439059995114803,2,9,14,10,115000,0.998847007751465,16892216,0.999388992786407,16892216,0.999597012996674,16892216,0.999495983123779
196113523152044388,352.31498713,73.42806002,21.0757999420166,0.0842439979314804,19.8393993377686,0.0950020030140877,19.6305999755859,0.104826003313065,18.3225002288818,19.5293998718262,0.0917880013585091,18.461799621582,0.0928950011730194,3,3,3,3,16777496,0.999375998973846,16777496,0.999334990978241,16777496,0.999291002750397,16777496,0.99879002571106
196143518670143250,351.86704787,73.45205271,21.2854995727539,0.0454340018332005,20.0673999786377,0.0437560006976128,19.4543991088867,0.0438160002231598,18.4853000640869,19.0769996643066,0.0367209985852242,18.7019996643066,0.0527199991047382,7,16,17,10,16892216,0.999360978603363,16892216,0.999641001224518,16892216,0.999508023262024,16892216,0.999563992023468
196163518766954152,351.87678216,73.46949027,21.2252998352051,0.103574000298977,19.9242000579834,0.0251839999109507,19.4050006866455,0.0418610014021397,18.7968997955322,18.9290008544922,0.0294560007750988,18.6566009521484,0.0292050000280142,10,14,9,12,16892216,0.999868988990784,16892216,0.99932599067688,16892216,0.999498009681702,16892216,0.998928010463715
195893511909711681,351.19135145,73.24247859,20.7940998077393,0.131518006324768,20.6466007232666,0.149351999163628,20.9979000091553,0,19.5139999389648,20.1103000640869,0.0877140015363693,19.4862003326416,0.182099997997284,1,1,1,3,16794672,0.99888002872467,16793912,0.998323023319244,16892216,0.99939101934433,16892216,0.998025000095367
195873510317514490,351.03169944,73.22806847,21.7259998321533,0.183219000697136,21.0093002319336,0.020524999126792,20.3726997375488,0.0507129989564419,19.8624000549316,19.9598999023438,0.0828400030732155,19.4102993011475,0.00180099997669458,1,5,10,7,115000,0.998435974121094,16892216,0.999150991439819,16892216,0.999064028263092,16892216,0.999255001544952
195953511913143214,351.19146529,73.29371736,21.2665996551514,0.0535439997911453,20.6347999572754,0.0172969996929169,20.1320991516113,0.0482940003275871,19.5459995269775,20.0100002288818,0.067441001534462,19.4822006225586,0.0402970016002655,4,7,13,5,115000,0.999019026756287,16892216,0.999305009841919,16892216,0.999421000480652,16892216,0.998953998088837
195983507793729826,350.77935314,73.32424306,21.3020000457764,0.0364869982004166,20.0013999938965,0.0318749994039536,19.2343006134033,0.0662420019507408,18.239200592041,18.9150009155273,0.0246360003948212,18.5844993591309,0.0251199994236231,11,12,9,8,16892216,0.999678015708923,16892216,0.999652981758118,16892216,0.998520970344543,16892216,0.99964702129364
195953508171860741,350.81670847,73.29153155,21.4790992736816,0.071603998541832,20.6270999908447,0.0650070011615753,20.2462997436523,0.0835359990596771,18.6243991851807,19.9682006835938,0.0693550035357475,19.3640003204346,0.0906020030379295,3,8,11,10,16892216,0.999512016773224,16892216,0.999571025371552,16892216,0.99982100725174,16892216,0.999612987041473
196193510802395570,351.08041902,73.49575701,21.593900680542,0.171018004417419,21.4388999938965,0.196631997823715,21.1688003540039,0.118298001587391,20.3920001983643,21.2199001312256,0.195361003279686,-999,-999,1,2,6,1,16892216,0.999119997024536,115000,0.998731970787048,115000,0.999660015106201,115000,0.997808992862701
196173505744211292,350.57427662,73.47549557,22.0734004974365,0.180638000369072,20.8567008972168,0.0526629984378815,20.1655006408691,0.0261829998344183,19.536600112915,19.8104000091553,0.0724259987473488,19.4207000732422,0.0615409985184669,1,10,9,9,115000,0.998355984687805,16892216,0.999683976173401,16892216,0.999116003513336,16892216,0.999831020832062
196023511582847989,351.15845424,73.35601836,21.5727005004883,0.0606729984283447,20.6065998077393,0.0533609986305237,20.1473007202148,0.0443399995565414,19.4878997802734,19.9018993377686,0.04245800152421,19.5300006866455,0.0610820017755032,4,16,16,9,16892216,0.999863982200623,16892216,0.999752998352051,16892216,0.999036014080048,16892216,0.99922102689743
196083511022278248,351.10208832,73.40626421,21.0932998657227,0.100009001791477,20.3572006225586,0.0532499998807907,19.7875003814697,0.039027001708746,18.9904003143311,19.5377998352051,0.0579539984464645,19.1021003723145,0.0745609998703003,10,15,14,9,16892216,0.999925017356873,16892216,0.999756991863251,16892216,0.999707996845245,16892216,0.999256014823914
196083509606886425,350.96050448,73.40465536,21.3976001739502,0.0714069977402687,20.4018993377686,0.0425890013575554,19.8743991851807,0.0399979986250401,18.7602005004883,19.6431007385254,0.0685449987649918,19.0436000823975,0.0442540012300015,7,13,12,9,16892216,0.999279022216797,16892216,0.999660015106201,16892216,0.999697983264923,16892216,0.999634981155396
195563525076050904,352.50757715,72.96676565,20.3910007476807,0.0395409986376762,19.4120006561279,0.0785930007696152,18.8915996551514,0.0618470013141632,17.031400680542,18.608699798584,0.0542510002851486,18.2738990783691,0.0346940010786057,7,11,12,10,16892216,0.999779999256134,16892216,0.999522984027863,16892216,0.999710977077484,16892216,0.999624013900757
195523524938335126,352.49407777,72.93704171,21.6005992889404,0.043503001332283,20.8537006378174,0.06318199634552,20.568000793457,0.0601430013775826,19.6235008239746,20.1089992523193,0.073914997279644,19.8136005401611,0.141461998224258,5,11,13,8,16892216,0.999677002429962,16892216,0.999224007129669,16892216,0.999055981636047,16892216,0.998905003070831
195513525516308634,352.55166383,72.93154802,20.9825992584229,0.0308059994131327,19.7042999267578,0.0390679985284805,19.1261005401611,0.0279779992997646,18.6217994689941,18.752799987793,0.0348719991743565,18.3887996673584,0.0295320004224777,9,11,4,9,16892216,0.999880015850067,16892216,0.999338984489441,16892216,0.999607026576996,16892216,0.99964702129364
195673525475550575,352.54760803,73.05815845,21.7226009368896,0.0560539998114109,20.8570003509521,0.0351600013673306,20.1714000701904,0.0413860008120537,19.5683994293213,19.7210006713867,0.0369740016758442,19.3421993255615,0.084147997200489,2,13,17,10,16892216,0.999144017696381,115000,0.999619007110596,16892216,0.99967497587204,16892216,0.99947601556778
195603525355610261,352.53553271,72.9995916,21.2901000976563,0.0448080003261566,20.2661991119385,0.0662849992513657,19.7182998657227,0.0295219998806715,19.1937999725342,19.5182991027832,0.0425230003893375,19.1583995819092,0.058993998914957,9,12,14,12,16892216,0.999840974807739,16892216,0.999625980854034,16892216,0.99939101934433,16892216,0.999297022819519
195573524565831876,352.45664827,72.97593268,20.434700012207,0.0366230010986328,19.2644996643066,0.0339320003986359,18.5372009277344,0.0495049990713596,17.5307006835938,18.1340999603271,0.036361999809742,17.7138996124268,0.0269169993698597,7,12,12,9,16892216,0.999616026878357,16892216,0.999364972114563,16892216,0.999357998371124,16892216,0.999670028686523
195563524819429133,352.48187716,72.9737224,20.9125003814697,0.147565007209778,20.7007999420166,0.0788450017571449,20.4384002685547,0.0774760022759438,18.8493995666504,19.7787990570068,0.0928900018334389,19.1893005371094,0.0704089999198914,1,10,8,9,16688,0.999288022518158,16892216,0.999489009380341,16892216,0.99923700094223,16892216,0.999673008918762
195863522807666557,352.28073808,73.22149207,20.4400005340576,0.0412670001387596,19.5002002716064,0.0212570000439882,19.0251998901367,0.0494959987699986,18.390100479126,18.5102996826172,0.0459659993648529,18.2075996398926,0.0311079993844032,6,10,9,8,16892216,0.999296009540558,16892216,0.999737024307251,16892216,0.999469995498657,16892216,0.999607980251312
195833519961475246,351.99627984,73.19541935,21.0718994140625,0.0386920012533665,19.7245998382568,0.0347750000655651,18.8876991271973,0.0511900000274181,18.0088005065918,18.5132999420166,0.0285780001431704,18.2247009277344,0.037211000919342,8,6,11,9,16892216,0.999696016311646,16892216,0.999617993831635,16892216,0.999765992164612,16892216,0.999706983566284
195763523045525541,352.30419627,73.13721462,21.9305000305176,0.186584994196892,21.1975002288818,0.099152997136116,20.9559001922607,0.0514080002903938,20.0219993591309,20.5020008087158,0.136234998703003,-999,-999,1,3,12,7,115000,0.999162971973419,16892216,0.998995006084442,16892216,0.999650001525879,16892216,0.999238014221191
195833523019924864,352.30202673,73.19510031,18.7154998779297,0,20.8840007781982,0.0366309992969036,19.9354991912842,0.0503089986741543,18.6758995056152,19.7322998046875,0.0592340007424355,19.1735992431641,0.0646630004048347,1,2,8,6,16793912,0.932380974292755,16892216,0.970683991909027,16892216,0.999342978000641,16892216,0.99966299533844
195803515047597425,351.50465726,73.17224897,20.2162990570068,0.0372270010411739,18.9796009063721,0.0357969999313354,18.2893009185791,0.00756300007924438,17.5926990509033,18.0039005279541,0.0268190000206232,17.6184005737305,0.0292489994317293,11,11,8,8,16892216,0.99959397315979,16892216,0.999623000621796,16892216,0.999704003334045,16892216,0.999454021453857
195823516195755444,351.61944546,73.18734855,21.792200088501,0.185194000601768,21.0702991485596,0.0837880000472069,20.9356994628906,0.080317996442318,20.4050006866455,20.4277992248535,0.121082000434399,-999,-999,1,5,12,4,115000,0.99888402223587,115000,0.999714016914368,16892216,0.999650001525879,16892216,0.999076008796692
195763518083082306,351.80832997,73.13462729,20.1294994354248,0.0351149998605251,19.5333003997803,0.0348660014569759,19.1611003875732,0.0423309989273548,18.5137996673584,18.9025001525879,0.0398400016129017,18.7537994384766,0.0344440005719662,7,7,13,8,16892216,0.999682009220123,16892216,0.999350011348724,16892216,0.999632000923157,16892216,0.999256014823914
195803516009120566,351.60112347,73.16664486,21.3432998657227,0.27497199177742,21.2245006561279,0.108964003622532,21.0977993011475,0.114734999835491,20.3647003173828,20.2479000091553,0.122786998748779,-999,-999,2,5,8,2,115000,0.998768985271454,16892216,0.999696016311646,16892216,0.999646008014679,115000,0.999041974544525
195783519166908965,351.91667249,73.15685287,21.827299118042,0.0484930016100407,20.9421005249023,0.0624379999935627,20.3843994140625,0.0610079988837242,19.8327007293701,20.0170001983643,0.0781920030713081,19.6842994689941,0.205017998814583,3,11,11,12,115000,0.999691009521484,16892216,0.999182999134064,16892216,0.999173998832703,16892216,0.999629020690918
195773521567049646,352.15675679,73.149069,20.3225994110107,0.0431279987096787,19.1434001922607,0.0230030007660389,18.8118000030518,0.0424510017037392,17.6872005462646,18.3556995391846,0.0431910008192062,17.9668998718262,0.0236280001699924,11,6,9,9,16892216,0.999719023704529,16892216,0.999593019485474,16892216,0.999307990074158,16892216,0.999669015407562
195773521498195667,352.14962931,73.14590436,21.8262004852295,0.164000004529953,21.2481994628906,0.0704160034656525,21.3544998168945,0.0100940000265837,19.8903007507324,20.9461994171143,0.145565003156662,19.1891994476318,0.17637799680233,1,2,2,1,16777496,0.999481022357941,16777496,0.999037027359009,16777496,0.998317003250122,16777496,0.998392999172211
195773521511057496,352.15117573,73.14727028,21.431999206543,0.0485330000519753,19.9361000061035,0.0409069992601871,19.3922004699707,0.0336880013346672,18.6081008911133,19.0464000701904,0.0306659992784262,18.5830001831055,0.0348439998924732,10,13,11,12,16892216,0.999629020690918,16892216,0.99931401014328,16892216,0.999767005443573,16892216,0.999626994132996
195743522702397177,352.27023015,73.12199674,21.7033996582031,0.0524899996817112,20.7126007080078,0.0772430002689362,20.1576995849609,0.0420610010623932,19.5156993865967,19.7530002593994,0.038587000221014,19.3904991149902,0.0708490014076233,3,11,14,12,115000,0.999166011810303,16892216,0.999572992324829,16892216,0.999185025691986,16892216,0.999665975570679
195693523088802658,352.30903233,73.07651095,21.7728004455566,0.0627389997243881,20.8150005340576,0.0481679998338223,20.3383007049561,0.0677689984440804,19.6028995513916,20.0153007507324,0.0348879992961884,19.4218997955322,0.0898879989981651,4,15,15,11,16892216,0.999194025993347,16892216,0.999621987342834,16892216,0.999273002147675,16892216,0.99907398223877
195823515057439700,351.50580026,73.19076791,21.5251998901367,0.179929003119469,20.7303009033203,0.107281997799873,20.1117992401123,0.0326379984617233,19.369800567627,19.8388004302979,0.0302349999547005,19.4890995025635,0.080485001206398,1,10,9,9,16892216,0.99838000535965,16892216,0.999158024787903,16892216,0.999719977378845,16892216,0.999625980854034
195933512840274415,351.28391667,73.27802695,20.4995994567871,0.0560269989073277,19.5949993133545,0.0504349991679192,19.2479000091553,0.0259670000523329,-999,18.9734001159668,0.00406400021165609,18.5948009490967,0.0238189995288849,1,2,3,2,16696,0.997978985309601,16696,0.998489022254944,115000,0.998374998569489,115000,0.998592019081116
195873514040348138,351.40404642,73.23119913,21.6718006134033,0.181953996419907,20.7854995727539,0.0465300008654594,20.1268005371094,0.0368730016052723,19.5783996582031,19.8460998535156,0.0506980009377003,19.3973999023438,0.105489000678062,1,16,16,8,16892216,0.999330997467041,16892216,0.999830007553101,16892216,0.999705016613007,16892216,0.998844027519226
195873522527455713,352.25266727,73.22917976,21.699499130249,0.136540994048119,20.581600189209,0.0693179965019226,19.8920993804932,0.0379349999129772,19.2859001159668,19.4915008544922,0.060529001057148,19.0867004394531,0.0641959980130196,2,11,10,8,115000,0.99873298406601,16892216,0.999629974365234,16892216,0.999664008617401,16892216,0.999354004859924
195963518400018409,351.84007876,73.30637218,19.7346000671387,0.0548439994454384,18.6217994689941,0.0393479987978935,17.968599319458,0.0381140001118183,16.9071998596191,17.6713008880615,0.121063001453877,17.2455997467041,0.0277319997549057,12,10,11,2,16892216,0.999598026275635,16892216,0.999512016773224,16892216,0.999652028083801,16892216,0.980839014053345
195963519214535560,351.92165595,73.30406657,21.7003002166748,0.183284997940063,21.1961002349854,0.0975610017776489,20.6665000915527,0.0574040003120899,19.9803009033203,20.422399520874,0.0744990035891533,20.1135997772217,0.182302996516228,1,6,12,8,115000,0.998749017715454,16892216,0.999526977539063,16892216,0.999374985694885,16892216,0.99864798784256
195993519951052652,351.99505907,73.32658403,17.7591991424561,0.0317820012569427,17.0471992492676,0.0204959996044636,16.786600112915,0.0218170005828142,16.1872997283936,16.6613998413086,0.0159809999167919,16.6110992431641,0.00752400001510978,8,12,12,8,16892216,0.9998419880867,16892216,0.999807000160217,16892216,0.999710977077484,16892216,0.998942017555237
195983520646404418,352.06447847,73.31975888,21.556999206543,0.0723379999399185,20.6751003265381,0.0785899981856346,19.9692993164063,0.0518109984695911,19.1124000549316,19.6646003723145,0.040437001734972,19.2007999420166,0.0404010005295277,4,14,15,11,115000,0.998620986938477,16892216,0.999680995941162,16892216,0.999486029148102,16892216,0.999598026275635
195933519646640055,351.96477391,73.27440549,18.4535999298096,0.0310479998588562,17.9102001190186,0.0217519998550415,17.4986991882324,0.00716099981218576,16.8532009124756,17.2747993469238,0.00872800033539534,17.0916004180908,0.00582400010898709,4,4,5,4,115000,0.999656021595001,115000,0.999669015407562,16892216,0.998520970344543,16892216,0.998633027076721
196053511856629802,351.18560345,73.38253895,19.8833999633789,0.0550049990415573,18.7791996002197,0.0454570017755032,18.2306003570557,0.0420029982924461,17.0466995239258,17.8048000335693,0.0478379987180233,17.3673000335693,0.0420209988951683,6,11,11,10,16892216,0.999628007411957,16892216,0.999460995197296,16892216,0.99974000453949,16892216,0.999568998813629
196043513330322775,351.33298526,73.36840302,21.2334003448486,0.045754998922348,20.1643009185791,0.0396849997341633,19.8565006256104,0.0267319995909929,18.8150997161865,19.5813999176025,0.0343259982764721,19.0373001098633,0.055247001349926,6,12,8,7,16892216,0.999361991882324,16892216,0.999544978141785,16892216,0.999089002609253,16892216,0.99939900636673
196063517017443614,351.70180005,73.38567155,20.7693004608154,0.0530599988996983,19.7042999267578,0.0116119999438524,19.6679000854492,0.0583770014345646,18.556999206543,19.2553005218506,0.0710790008306503,18.955099105835,0.0954980030655861,2,2,7,9,16892216,0.999652981758118,16892216,0.999723017215729,16892216,0.999715983867645,16892216,0.999675989151001
196123514023387114,351.40231593,73.43860609,17.6553993225098,0.00485000014305115,17.1730003356934,0.00645300000905991,16.9260997772217,0.00255699991248548,16.3694000244141,16.8363990783691,0.00376400002278388,16.7052001953125,0.0106539996340871,5,7,7,9,115000,0.99922102689743,115000,0.999517023563385,16892216,0.999660015106201,115000,0.99981302022934
195993517747046799,351.77471724,73.3300259,19.4610996246338,0.020244000479579,18.7264995574951,0.0148930000141263,18.3628997802734,0.0133600002154708,17.7049999237061,18.2033004760742,0.00577999977394938,17.568000793457,0.03838200122118,10,12,8,6,16892216,0.999532997608185,16892216,0.999725997447968,16892216,0.99964702129364,16892216,0.999190986156464
195953516336162615,351.63417279,73.29313312,21.4030990600586,0.0617289990186691,20.8568000793457,0.0513910017907619,20.4069995880127,0.0683540031313896,19.5795001983643,20.4675006866455,0.0508969984948635,-999,-999,6,10,6,6,16892216,0.999706983566284,16892216,0.999356985092163,16892216,0.999428987503052,16892216,0.999044001102448
196453519716194183,351.97149977,73.71114935,21.7362995147705,0.0555960014462471,20.7289009094238,0.0570559985935688,20.2264995574951,0.0318600013852119,19.6161003112793,20.0021991729736,0.0406970009207726,19.3887004852295,0.118340000510216,6,10,13,6,16892216,0.99956202507019,16892216,0.999716997146606,16892216,0.999741971492767,16892216,0.999603986740112
196403520436384311,352.04345747,73.66955561,21.6732006072998,0.142184004187584,21.0422992706299,0.0858419984579086,20.4705009460449,0.0336799994111061,19.9580993652344,20.1952991485596,0.00290600000880659,19.2514991760254,0.177755996584892,1,3,7,2,16892216,0.99890398979187,16892216,0.999243021011353,16892216,0.999584019184113,16892216,0.998754024505615
196713520501538014,352.0501646,73.93102281,20.6893997192383,0.0500099994242191,19.4736995697021,0.0555250011384487,19.017599105835,0.0342880003154278,17.9002990722656,18.7861003875732,0.0366580002009869,18.2436008453369,0.0400349982082844,8,6,9,6,16892216,0.999502003192902,16892216,0.999906003475189,16892216,0.999634981155396,16892216,0.999323010444641
196563521928498079,352.19305791,73.80607128,20.9057006835938,0.0587829984724522,20.0566005706787,0.0618150010704994,19.5750007629395,0.0548290014266968,18.4722995758057,19.4449005126953,0.0336630009114742,19.2928009033203,0.0576479993760586,8,8,6,9,16892216,0.999729990959167,16892216,0.999220013618469,16892216,0.999073028564453,16892216,0.998704016208649
196653510234014212,351.02346987,73.87781756,21.3412990570068,0.145432993769646,20.6040992736816,0.0435269996523857,20.3358001708984,0.0337530001997948,19.8090991973877,19.9552993774414,0.0405500009655952,19.5443000793457,0.0798889994621277,4,7,10,7,16892216,0.999480009078979,115000,0.999116003513336,16892216,0.999191999435425,16892216,0.998766005039215
196533515450875558,351.54534901,73.77900939,21.1856994628906,0.161562994122505,20.4895992279053,0.417484998703003,20.6506004333496,0.0924229994416237,19.9986000061035,19.9976005554199,0.105320997536182,19.9472007751465,0.149657994508743,1,2,1,1,16892216,0.99896502494812,280,0.998682975769043,16777496,0.997042000293732,16777496,0.997909009456635
196643515225204212,351.5225489,73.86955585,19.8736000061035,0.0139539996162057,19.1282005310059,0.0209999997168779,18.6140003204346,0.0105790002271533,17.2661991119385,18.3677005767822,0.036336001008749,17.5776996612549,0.0184770002961159,9,7,6,6,16892216,0.998804986476898,115000,0.99899697303772,115000,0.99905002117157,16892216,0.999656021595001
196573514642367266,351.46362147,73.81364627,21.3621997833252,0.128834992647171,21.2819995880127,0.168199002742767,21.040599822998,0.0466479994356632,20.1884002685547,20.7371997833252,0.165343001484871,19.5030994415283,-999,1,1,3,1,16892216,0.998615026473999,16892216,0.998006999492645,16892216,0.999637007713318,16892216,0.997749984264374
196583514089079191,351.40884687,73.82371693,21.8896007537842,0.174857005476952,20.7101001739502,0.0458480007946491,19.9505004882813,0.0295780003070831,19.2199001312256,19.5601997375488,0.0379839986562729,18.9193000793457,0.0613909997045994,1,9,13,10,16892216,0.999710977077484,16892216,0.999374985694885,16892216,0.999644994735718,16892216,0.999116003513336
196523518468115096,351.8468134,73.77025896,20.514799118042,0.0563089996576309,19.2311000823975,0.0463530011475086,18.6084003448486,0.0204119998961687,17.8738994598389,18.2313995361328,0.028626000508666,17.8337001800537,0.0390809997916222,9,8,9,9,16892216,0.998839974403381,16892216,0.999091982841492,16892216,0.999682009220123,16892216,0.999513983726501
195943539035866761,353.90402647,73.28839664,21.9379005432129,0.200880005955696,20.8882999420166,0.0374349988996983,20.2521991729736,0,19.6560001373291,19.7709007263184,0.174584001302719,-999,-999,1,3,1,2,280,0.998646974563599,16777496,0.998687982559204,16777496,0.999022006988525,280,0.999440014362335
195823543030890813,354.30328821,73.18338811,21.2054996490479,0.127415001392365,20.1569004058838,0.0654269978404045,20.1000995635986,0.113806001842022,18.5722999572754,19.8840999603271,0.0640650019049644,-999,-999,1,1,5,7,16892216,0.999605000019073,16892216,0.998409986495972,16892216,0.999015986919403,16892216,0.999063014984131
195803543805075501,354.3806477,73.17058896,19.2921009063721,0.0430659987032413,18.1285991668701,0.0139490002766252,17.5307006835938,0.00742200016975403,16.6413993835449,17.30299949646,0.0156599991023541,16.8883991241455,0.0589569993317127,4,4,5,4,16892216,0.999423027038574,16892216,0.99958199262619,16892216,0.999423980712891,16892216,0.999638020992279
195833542933004663,354.2933002,73.19487599,21.692699432373,0.15429599583149,21.5163993835449,0.131136998534203,20.9804000854492,0.162039995193481,-999,20.657600402832,0.0160370003432035,-999,-999,1,3,1,6,115000,0.998171985149384,115000,0.999646008014679,115000,0.997837007045746,115000,0.998470008373261
195963542232771674,354.22283322,73.30068174,21.1781997680664,0.0436500012874603,20.2961006164551,0.0560490004718304,19.6735000610352,0.0469870008528233,18.5513000488281,19.3596992492676,0.0553379990160465,19.1471004486084,0.103284999728203,9,9,4,6,16892216,0.999620974063873,16892216,0.999276995658875,16892216,0.999466001987457,16892216,0.999450981616974
196343538499625791,353.85020748,73.62086277,21.67919921875,0.179958000779152,20.8647994995117,0.0398229993879795,20.2126998901367,0.0502890013158321,19.4298000335693,19.8528995513916,0.0371190011501312,19.3486003875732,0.0862130001187325,1,10,10,10,16793904,0.998917996883392,16892216,0.999602019786835,16892216,0.999707996845245,16892216,0.999417006969452
196293541043644677,354.10450789,73.57824191,21.4687004089355,0.161576002836227,20.9507999420166,0.0725179985165596,20.4419994354248,0.0415519997477531,19.2917995452881,20.1895008087158,0.0454550012946129,19.5804996490479,0.0697190016508102,2,6,10,5,16892216,0.998382985591888,16892216,0.999702990055084,16892216,0.999586999416351,16892216,0.997964024543762
196293541241712073,354.12437899,73.57605578,21.7243003845215,0.0477860011160374,20.8374996185303,0.0585130006074905,20.0797004699707,0.0359949991106987,19.5543003082275,19.6091003417969,0.0566349998116493,19.1429004669189,0.092618003487587,5,6,17,11,16892216,0.999231994152069,16892216,0.999671995639801,16892216,0.99882698059082,16892216,0.999293982982636
196283541435890127,354.14324059,73.56615366,21.8241996765137,0.108790002763271,20.3155002593994,0.0428769998252392,19.7448997497559,0.0490280017256737,18.7003993988037,19.2926998138428,0.0523829981684685,18.8418006896973,0.0458780005574226,4,9,11,6,16892216,0.999490022659302,16892216,0.99947202205658,16892216,0.999670028686523,16892216,0.999566972255707
196283541401356614,354.13996979,73.57146296,21.8784999847412,0.131439000368118,21.5205001831055,0.0127499997615814,21.1646995544434,0.0788739994168282,-999,20.7441997528076,0.152904003858566,-999,-999,2,2,7,4,115000,0.998682975769043,16892216,0.999173998832703,115000,0.999669015407562,115000,0.998925983905792
196283541366730444,354.13698676,73.56642408,21.4023990631104,0.0913110002875328,20.1431999206543,0.0404159985482693,19.4969005584717,0.0288069993257523,18.7098007202148,19.1182994842529,0.043673999607563,18.6947994232178,0.0299389995634556,8,13,12,5,16892216,0.999091029167175,16892216,0.999589025974274,16892216,0.999135971069336,16892216,0.999381005764008
196373540438748870,354.04428081,73.64848357,21.6837997436523,0.161528006196022,21.1296005249023,0.00539099983870983,20.6301002502441,0.0726900026202202,20.0673007965088,20.4578990936279,0.0812589973211288,19.635799407959,0.115506999194622,1,4,6,5,16696,0.998526990413666,115000,0.999191999435425,16892216,0.99924498796463,16892216,0.999737977981567
196363539871335604,353.98714219,73.63732423,21.5993003845215,0.0664959996938705,20.1791000366211,0.0777529999613762,19.5576992034912,0.053082000464201,18.5102005004883,19.2196006774902,0.0364039987325668,18.923999786377,0.023845000192523,8,10,11,12,16892216,0.999243974685669,16892216,0.999473989009857,16892216,0.999668002128601,16892216,0.999586999416351
196343539408480678,353.94074816,73.61655271,20.8078002929688,0.0285180006176233,19.4249000549316,0.039818000048399,18.7674999237061,0.0197679996490479,18.2458992004395,18.3435001373291,0.0223060008138418,18.0415992736816,0.0188900008797646,6,7,10,5,16892216,0.999605000019073,16892216,0.999628007411957,16892216,0.999543011188507,16892216,0.999626994132996
196213529234688444,352.92335266,73.51475343,19.0056991577148,0.0175420008599758,18.1263008117676,0.00501100020483136,17.7268009185791,0.0147280003875494,-999,17.448299407959,0.0166449993848801,17.0333995819092,0.0124949999153614,7,5,7,8,115000,0.999571025371552,16892216,0.999017000198364,16892216,0.999445021152496,115000,0.999616026878357
196103536785258185,353.67853999,73.42283737,21.7742004394531,0.276470988988876,20.756799697876,0.047910001128912,19.944299697876,0.0541910007596016,19.1914005279541,19.596700668335,0.0482220016419888,19.1590003967285,0.0642959997057915,2,10,10,8,33080,0.999042987823486,16892216,0.999715983867645,16892216,0.999719023704529,16892216,0.999553978443146
196093533159823151,353.31597715,73.4103292,21.2201995849609,0.118256002664566,19.8292007446289,0.0398899987339973,19.1133003234863,0.0555900000035763,17.7963008880615,18.6923007965088,0.0457650013267994,18.4270992279053,0.0598880015313625,6,13,12,7,16892216,0.999687016010284,16892216,0.999705016613007,16892216,0.99924498796463,16892216,0.999509990215302
196333535511309526,353.55138716,73.61560083,21.4055004119873,0.154638007283211,20.7970008850098,0.0637700036168098,20.1166000366211,0.0356430001556873,19.5102996826172,19.7889995574951,0.033186998218298,19.4109992980957,0.0776010006666183,1,8,8,9,16892216,0.998607993125916,115000,0.999671995639801,16892216,0.999194979667664,16892216,0.999360024929047
196173535102317637,353.51017657,73.48072603,21.7451000213623,0.148799002170563,20.7756004333496,0.0577769987285137,20.1861991882324,0.0414570011198521,19.5648994445801,19.8220996856689,0.0665239989757538,19.4855995178223,0.0531889982521534,1,11,5,6,115000,0.999341011047363,115000,0.999583005905151,16892216,0.997832000255585,16892216,0.999642014503479
196283531256525334,353.12591672,73.57062297,21.6599998474121,0.340225011110306,20.9507007598877,0.0312479995191097,20.6737995147705,0.0439019985496998,19.9734001159668,20.5289001464844,0.184312000870705,-999,-999,2,6,10,3,115000,0.999315023422241,16892216,0.998161971569061,16892216,0.999450027942657,16892216,0.998468995094299
196293538940294584,353.89414236,73.57816999,20.1294002532959,0.0233440008014441,19.2147998809814,0.0248610004782677,18.8034992218018,0.0126240001991391,-999,18.4885997772217,0.0172990001738071,18.1413993835449,0.0251679997891188,6,10,10,8,115000,0.999623000621796,115000,0.99967497587204,16892216,0.999680995941162,115000,0.999711990356445
196173537247866490,353.72482215,73.47984416,21.6173000335693,0.176850005984306,20.468900680542,0.0645669996738434,19.8045997619629,0.0617970004677773,18.7008991241455,19.1826000213623,0.0567630007863045,18.7656993865967,0.0975319966673851,1,11,8,9,16892216,0.998458981513977,16892216,0.999391973018646,16892216,0.999186992645264,16892216,0.999082982540131
195983540888394447,354.08888631,73.31970064,21.7898998260498,0.190968006849289,20.8020992279053,0.0530349984765053,20.1231994628906,0.0240439996123314,19.6040000915527,19.6406002044678,0.0278510004281998,19.3290004730225,0.0308040007948875,1,11,12,12,115000,0.999158024787903,16892216,0.999716997146606,16892216,0.999718010425568,16892216,0.999194979667664
196063539580694365,353.95783973,73.38618201,21.824499130249,0.0080979997292161,20.8661003112793,0.0897850021719933,20.3306999206543,0.0433969981968403,19.3733997344971,19.9146003723145,0.0932009965181351,19.4612007141113,0.0897499993443489,3,10,11,9,115000,0.99863201379776,16892216,0.999724984169006,16892216,0.999692976474762,16892216,0.999141991138458
196043539358102078,353.93576763,73.36774265,21.3248996734619,0.077113002538681,20.0748996734619,0.0613589994609356,19.3684997558594,0.0155260004103184,18.7754001617432,19.031400680542,0.0266740005463362,18.6893005371094,0.0316889993846416,8,15,10,8,16892216,0.999526977539063,16892216,0.999686002731323,16892216,0.999670028686523,16892216,0.999450027942657
196053542794739811,354.27918072,73.38255583,21.7698993682861,0.184164002537727,21.2541007995605,0.0822969973087311,20.4890003204346,0.107725001871586,19.6226997375488,19.8763999938965,0.105371996760368,-999,-999,1,2,1,1,280,0.998844981193542,16777496,0.997343003749847,16777496,0.998883008956909,16777496,0.998165011405945
196053542783369836,354.27866402,73.38260335,21.6900005340576,0.0356150008738041,20.9594993591309,0.0596820004284382,20.3686008453369,0.0629599988460541,19.8048000335693,20.0421009063721,0.0447669997811317,20.1609992980957,0.175331994891167,2,8,9,8,16892216,0.999572992324829,16892216,0.999635994434357,16892216,0.999005019664764,16892216,0.999381005764008
196763535019846134,353.50207703,73.97094993,20.9974994659424,0.0276929996907711,20.2007007598877,0.0055970000103116,20.1016006469727,0.044573001563549,19.5764007568359,20.0715999603271,0.0723289996385574,19.1805000305176,0.168512001633644,4,4,3,3,16777496,0.999854028224945,16777496,0.999629974365234,16777496,0.99865198135376,16777496,0.998874008655548
196623537175834986,353.71763908,73.85362062,21.5214004516602,0.046255998313427,20.6793003082275,0.0712499991059303,20.095100402832,0.029407000169158,19.4729995727539,19.8419990539551,0.0337940007448196,19.3619995117188,0.0937369987368584,7,12,12,8,16892216,0.999722003936768,16892216,0.999558985233307,16892216,0.999661028385162,16892216,0.999683022499084
196673539253955439,353.9254194,73.89555205,18.699499130249,0.0374380014836788,17.8090000152588,0.0137080000713468,17.3332004547119,0.00737700005993247,-999,17.1252994537354,0.00863400008529425,16.8892993927002,0.0191559996455908,6,3,10,10,16892216,0.999381005764008,115000,0.999586999416351,115000,0.999624013900757,16892216,0.999580979347229
196663539968265674,353.99698562,73.8874496,21.6686992645264,0.170730993151665,21.0328998565674,0.101744003593922,20.6336994171143,0.0604620017111301,20.0272006988525,20.3390007019043,0.0457740016281605,19.7198009490967,0.127850994467735,1,7,9,7,16892216,0.998916983604431,16892216,0.999539971351624,16892216,0.999696016311646,16892216,0.99967098236084
196413536167354013,353.61690789,73.67771681,21.6310005187988,0.170187994837761,20.4151992797852,0.040743000805378,19.7374000549316,0.031835999339819,19.1032009124756,19.2395000457764,0.051826000213623,18.9748992919922,0.0200800001621246,1,12,14,14,115000,0.998272001743317,16892216,0.999208986759186,16892216,0.999683976173401,16892216,0.999442994594574
196383537645478956,353.76453648,73.65674486,21.6980991363525,0.182137995958328,21.1660995483398,0.165811002254486,20.8311996459961,0.0463440008461475,20.2287006378174,20.3768005371094,0.0824370011687279,19.8684997558594,0.17595799267292,1,2,11,9,16892216,0.996133983135223,115000,0.999898016452789,16892216,0.999650001525879,16892216,0.999731004238129
196383537705219135,353.77045967,73.65694321,21.7427005767822,0.175051003694534,20.9850997924805,0.0679090023040771,20.3915996551514,0.0481819994747639,19.5275001525879,19.9908008575439,0.0393059998750687,19.489200592041,0.0740699991583824,2,2,13,11,16793912,0.998641014099121,16892216,0.998184978961945,16892216,0.999705016613007,16892216,0.999611020088196
196533537532254671,353.75322154,73.77826323,19.5806999206543,0.0355289988219738,18.7101001739502,0.0421429984271526,18.1851997375488,0.02793899923563,17.1898002624512,17.9312992095947,0.0103529999032617,17.6014995574951,0.0265800002962351,7,4,5,7,115000,0.999278008937836,115000,0.999207973480225,16892216,0.999433994293213,115000,0.999679028987885
196523536756354323,353.67577722,73.76967802,21.979700088501,0.192050993442535,21.0655002593994,0.164010003209114,21.1546001434326,0.113355003297329,-999,21.0216999053955,0.158135995268822,-999,-999,1,1,2,1,16892216,0.99906599521637,16892216,0.998690009117126,115000,0.998915016651154,115000,0.998203992843628
196513540818200409,354.08181748,73.75798582,21.4652004241943,0.161264002323151,21.221700668335,0.0168869998306036,20.8027992248535,0.0221670009195805,20.2959003448486,20.2437000274658,0.0367529988288879,19.8687000274658,0.00589099992066622,1,2,11,10,16892216,0.99905401468277,115000,0.999136984348297,16892216,0.999656021595001,115000,0.999128997325897
196423533674764564,353.36759959,73.68653179,18.7513008117676,0.020321000367403,17.8512992858887,0.0493620000779629,17.4834995269775,0.0224849991500378,16.9151992797852,17.2938995361328,0.0112720001488924,17.0746002197266,0.0330879986286163,7,7,9,6,16892216,0.999723017215729,16892216,0.999584019184113,16892216,0.99974000453949,16892216,0.999620974063873
196393532536418040,353.2532431,73.66417023,21.7880001068115,0.1807010024786,21.0407009124756,0.0227140001952648,20.4850006103516,0.0593059994280338,-999,20.6833992004395,0.198294997215271,-999,-999,1,2,2,2,16892216,0.998247027397156,16892216,0.995908975601196,115000,0.998315989971161,16892216,0.996311008930206
196393532520787876,353.25236001,73.66430349,21.6184997558594,0.0364320017397404,21.0963001251221,0.0554240010678768,20.7390995025635,0.0943169966340065,19.9545001983643,20.2395992279053,0.113015003502369,19.6495990753174,0.179524004459381,2,3,5,3,280,0.999310970306396,16777496,0.999590992927551,16777496,0.999687016010284,16777496,0.998789012432098
196723521987020216,352.19875611,73.9328935,21.114200592041,0.083077996969223,20.3162002563477,0.0507009997963905,19.8554000854492,0.0406000018119812,19.2411003112793,19.7509994506836,0.0380540005862713,19.1343002319336,0.0739440023899078,8,10,10,5,16892216,0.99973201751709,16892216,0.999405980110168,16892216,0.999713003635406,16892216,0.998722016811371
196583527165215619,352.71631825,73.82064289,21.7479991912842,0.159492000937462,21.3994007110596,0.19624899327755,21.4414005279541,0.041482999920845,-999,20.7196006774902,0.0342109985649586,-999,-999,1,1,4,3,115000,0.999193012714386,115000,0.999439001083374,115000,0.99965101480484,115000,0.99787300825119
196613523240569367,352.32383817,73.84883059,21.4370994567871,0.0550820007920265,20.523099899292,0.0601929984986782,19.9039001464844,0.0320490002632141,19.2231998443604,19.7073993682861,0.0345529988408089,19.3565998077393,0.0871559977531433,7,9,11,10,16892216,0.999718010425568,16892216,0.999909996986389,16892216,0.999648988246918,16892216,0.999688982963562
196523526431224484,352.64290617,73.76978799,21.5988998413086,0.125533998012543,20.8997001647949,0.121536001563072,20.4008007049561,0.0536240004003048,19.3122005462646,20.1187992095947,0.0964210033416748,19.2292995452881,0.0972440019249916,3,1,7,2,16892216,0.999284029006958,16892216,0.99930202960968,16892216,0.999584972858429,16892216,0.998960018157959
196523526422674722,352.64252897,73.76981169,21.2047004699707,0.148705005645752,20.9167995452881,0.116498000919819,20.2632007598877,0.078014999628067,19.372200012207,20.1334991455078,0.180094003677368,-999,-999,1,4,1,2,16777496,0.998989999294281,16777496,0.999211013317108,16777496,0.998805999755859,16777496,0.997630000114441
196513525850199282,352.58493093,73.76541962,19.8544998168945,0.125838994979858,19.2374000549316,0.0539209991693497,18.9472007751465,0.0426819995045662,16.1870994567871,18.8782005310059,0,-999,-999,5,3,4,1,16892216,0.999723970890045,16892216,0.999505996704102,115000,0.99967098236084,98616,0.999397993087769
196523525817830375,352.5817411,73.76632022,19.8505992889404,0.0135089997202158,19.0631999969482,0.0147409997880459,18.7833995819092,0.0197449997067451,14.9349002838135,18.5289001464844,0.0710690021514893,-999,-999,3,2,5,3,16892216,0.999687016010284,115000,0.998673975467682,16892216,0.999100029468536,115000,0.998480021953583
196503525707025131,352.57081304,73.75361565,21.7868995666504,0.162568002939224,20.7516994476318,0.06963200122118,20.1394996643066,0.0369790010154247,19.3990993499756,19.8652000427246,0.00761399976909161,19.081600189209,0.180342003703117,1,4,4,2,115000,0.999679028987885,16892216,0.999168992042542,16892216,0.999661028385162,16892216,0.999265015125275
196503525836725472,352.58387093,73.7537868,21.7679004669189,0.161669000983238,21.011100769043,0.155613005161285,20.7642993927002,0.124563001096249,-999,20.2716007232666,0.124773003160954,-999,-999,1,1,1,2,16793912,0.860638976097107,16793912,0.998422980308533,16696,0.997650027275085,16892216,0.997641026973724
196463527036954404,352.70369872,73.71970392,21.9414005279541,0.181160002946854,20.2686004638672,0.0591869987547398,19.6650009155273,0.0206250008195639,18.9577007293701,19.2007999420166,0.0282039996236563,18.7397994995117,0.0411880016326904,1,8,9,8,16793912,0.998395979404449,16892216,0.999455988407135,16892216,0.999677002429962,16892216,0.999152004718781
196723522653909093,352.26545456,73.94027426,21.5359001159668,0.022316999733448,20.543399810791,0.0990689992904663,20.2971000671387,0.0325580015778542,19.6256008148193,19.9804000854492,0.0235409997403622,19.2686004638672,0.0473890006542206,2,2,10,11,16892216,0.998860001564026,16892216,0.999368011951447,16892216,0.999110996723175,16892216,0.999400019645691
196753528123601415,352.81237848,73.95885106,20.2437000274658,0.0549760013818741,19.3876991271973,0.039648000150919,18.9860000610352,0.0570410005748272,17.8285999298096,18.8299999237061,0.0335359983146191,18.2812004089355,0.0358220003545284,1,3,9,5,115000,0.997618973255157,115000,0.999123990535736,115000,0.999044001102448,115000,0.999356985092163
196703528424410915,352.84237199,73.91675806,19.6732006072998,0.0252950005233288,18.8903007507324,0.0386499986052513,18.6089000701904,0.0359230004251003,17.9050998687744,18.4545993804932,0.0321989990770817,18.2427005767822,0.0174749996513128,10,9,10,8,16892216,0.999648988246918,16892216,0.999616026878357,16892216,0.99941498041153,16892216,0.99924898147583
196573532269231957,353.22688532,73.80936515,21.3988990783691,0.121308997273445,21.0501003265381,0.165369004011154,21.6436996459961,0.195692002773285,-999,21.1467990875244,0.235100999474525,-999,-999,1,1,1,3,16793912,0.99922901391983,16793912,0.994991004467011,115000,0.98854398727417,115000,0.998292028903961
196553531962121221,353.19621778,73.79199496,20.7017993927002,0.0169520005583763,19.5321998596191,0.0441999994218349,18.8798007965088,0.0305759999901056,17.7255001068115,18.8178005218506,0.0251509994268417,18.2357997894287,0.036192998290062,2,6,8,3,16892216,0.999136984348297,16892216,0.999768018722534,16892216,0.999723970890045,16892216,0.999143004417419
196543531820778600,353.18211365,73.78985578,20.8405990600586,0.0299960002303123,19.9050006866455,0.025025999173522,19.3188991546631,0.0273310001939535,18.4997997283936,19.1084003448486,0.0270349998027086,18.7147006988525,0.054882001131773,7,9,10,9,16892216,0.999108016490936,16892216,0.99967098236084,16892216,0.999710977077484,16892216,0.99965900182724
196523532082364064,353.20831851,73.76943466,20.512300491333,0.0652640014886856,19.3066997528076,0.0160249993205071,18.752799987793,0.0135700004175305,17.5266990661621,18.4102001190186,0.0328090004622936,18.1849002838135,0.064242996275425,4,2,4,6,16892216,0.998495995998383,16875832,0.999924004077911,16892216,0.99967497587204,16892216,0.999365985393524
196523531626726536,353.16275541,73.77147828,20.3782997131348,0.0606269985437393,19.0765991210938,0.0334109999239445,18.3736991882324,0.0233740005642176,17.6443004608154,17.9248008728027,0.0222139991819859,17.6662998199463,0.0167900007218122,5,10,9,6,16892216,0.999203026294708,16892216,0.999924004077911,16892216,0.999720990657806,16892216,0.999786972999573
196543531010435628,353.1009348,73.78736313,21.2180995941162,0.0524060018360615,20.4188995361328,0.0658259987831116,19.7590007781982,0.0337250009179115,19.1268005371094,19.6070003509521,0.0306630004197359,19.0301990509033,0.042068000882864,9,7,11,9,16892216,0.999787986278534,16892216,0.999571979045868,16892216,0.999611020088196,16892216,0.999679982662201
196543531461531055,353.14597492,73.78354096,20.3188991546631,0.058008998632431,19.4172992706299,0.0740519985556602,18.8111991882324,0.0229679998010397,18.2266998291016,18.6601009368896,0.0333600006997585,18.2136001586914,0.0201740004122257,6,6,8,5,16892216,0.999181985855103,16892216,0.998290002346039,16892216,0.999146997928619,16892216,0.999265015125275
196533531252105380,353.12534475,73.77885258,19.9664993286133,0.0366800017654896,19.5475006103516,0.0426760017871857,19.8756999969482,0.0165640003979206,18.7681007385254,19.792200088501,0.0190619993954897,-999,-999,1,1,4,4,16696,0.99951297044754,16892216,0.981628000736237,115000,0.999225974082947,115000,0.999023973941803
196483532607858295,353.26097081,73.73959792,21.2509994506836,0.022231999784708,20.3351001739502,0.084147997200489,19.5858993530273,0.0419149994850159,18.50830078125,19.1770000457764,0.0449110008776188,18.732400894165,0.0830420032143593,6,2,9,7,16892216,0.999686002731323,16892216,0.998879015445709,16892216,0.999686002731323,16892216,0.999310970306396
196473533412519932,353.34140061,73.73262601,21.328800201416,0.0710079967975616,20.1947994232178,0.048785001039505,19.4958992004395,0.0326679982244968,18.9050006866455,19.0669994354248,0.0347109995782375,18.6833000183105,0.035946000367403,7,11,15,10,16892216,0.999140024185181,16892216,0.999864995479584,16892216,0.999387979507446,16892216,0.999687016010284
196793534385438168,353.4388378,73.99778432,21.4568996429443,0.111019998788834,20.8775997161865,0.0623029991984367,20.5209007263184,0.0558300018310547,19.632999420166,20.1966991424561,0.0825280025601387,19.6481990814209,0.127359002828598,7,10,14,6,16892216,0.999925971031189,16892216,0.999700009822845,16892216,0.999692976474762,16892216,0.998961985111237
196673532559033474,353.25593219,73.89390391,21.4454002380371,0.0751660019159317,20.3824996948242,0.0485850013792515,19.782600402832,0.0390140004456043,19.0606994628906,19.4435005187988,0.0309159997850657,19.1718997955322,0.0372730009257793,8,8,10,9,16892216,0.999679028987885,16892216,0.99958199262619,16892216,0.999620974063873,16892216,0.999279975891113
196593533027462784,353.30311737,73.82665019,21.6175994873047,0.00588699989020824,20.877799987793,0.122634999454021,20.4083995819092,0.0571679994463921,19.7276992797852,20.1618995666504,0.0347829982638359,19.550199508667,0.196429997682571,2,5,6,8,16892216,0.999625027179718,16892216,0.999396026134491,16892216,0.998703002929688,16892216,0.999100983142853
196673528788547231,352.87865151,73.8970731,21.440299987793,0.150233000516891,20.5881996154785,0.0731529965996742,20.0109004974365,0.0338990017771721,19.3915996551514,19.8976001739502,0.0305320005863905,19.3190002441406,0.0907780006527901,4,14,10,6,115000,0.998965978622437,16892216,0.999481976032257,16892216,0.999725997447968,16892216,0.998966991901398
196673529802722594,352.9802418,73.89316601,20.2572002410889,0.0787020027637482,19.9001998901367,0.0653299987316132,19.0692005157471,0.0148940002545714,18.4186000823975,18.9720001220703,0.0142670003697276,-999,-999,3,5,6,2,115000,0.999754011631012,115000,0.999680995941162,115000,0.997497022151947,115000,0.999276995658875
196563529637201232,352.96395581,73.80041386,20.7602005004883,0.0865050032734871,20.0319995880127,0.0449739992618561,19.6100006103516,0.0457619987428188,18.3433990478516,19.3232002258301,0.0354080013930798,18.8593997955322,0.0669810026884079,4,8,9,6,16892216,0.99931800365448,16892216,0.999642014503479,16892216,0.999750018119812,16892216,0.99801898002624